{"results": [{"columns": ["drug", "disease"], "data": [{"graph": {"nodes": [{"id": "\"gn_0\"", "labels": ["GENE"], "properties": {"fullname": "alpha-1-B glycoprotein", "name": "A1BG", "type": "protein-coding"}}, {"id": "\"nds_1\"", "labels": ["DISEASE"], "properties": {"name": "Schizophrenia"}}, {"id": "\"gn_0\"", "labels": ["GENE"], "properties": {"fullname": "alpha-1-B glycoprotein", "name": "A1BG", "type": "protein-coding"}}, {"id": "\"nds_0\"", "labels": ["DISEASE"], "properties": {"name": "Hepatomegaly"}}, {"id": "\"gn_1\"", "labels": ["GENE"], "properties": {"fullname": "alpha-2-macroglobulin", "name": "A2M", "type": "protein-coding"}}, {"id": "\"nds_9\"", "labels": ["DISEASE"], "properties": {"name": "Nephrotic Syndrome"}}, {"id": "\"gn_1\"", "labels": ["GENE"], "properties": {"fullname": "alpha-2-macroglobulin", "name": "A2M", "type": "protein-coding"}}, {"id": "\"nds_8\"", "labels": ["DISEASE"], "properties": {"name": "Lung Neoplasms"}}, {"id": "\"gn_1\"", "labels": ["GENE"], "properties": {"fullname": "alpha-2-macroglobulin", "name": "A2M", "type": "protein-coding"}}, {"id": "\"nds_7\"", "labels": ["DISEASE"], "properties": {"name": "Lung Diseases"}}, {"id": "\"gn_1\"", "labels": ["GENE"], "properties": {"fullname": "alpha-2-macroglobulin", "name": "A2M", "type": "protein-coding"}}, {"id": "\"nds_6\"", "labels": ["DISEASE"], "properties": {"name": "Liver Cirrhosis, Experimental"}}, {"id": "\"gn_1\"", "labels": ["GENE"], "properties": {"fullname": "alpha-2-macroglobulin", "name": "A2M", "type": "protein-coding"}}, {"id": "\"nds_5\"", "labels": ["DISEASE"], "properties": {"name": "Liver Cirrhosis"}}, {"id": "\"gn_1\"", "labels": ["GENE"], "properties": {"fullname": "alpha-2-macroglobulin", "name": "A2M", "type": "protein-coding"}}, {"id": "\"nds_4\"", "labels": ["DISEASE"], "properties": {"name": "Hepatolenticular Degeneration"}}, {"id": "\"gn_1\"", "labels": ["GENE"], "properties": {"fullname": "alpha-2-macroglobulin", "name": "A2M", "type": "protein-coding"}}, {"id": "\"nds_3\"", "labels": ["DISEASE"], "properties": {"name": "Colonic Neoplasms"}}, {"id": "\"gn_1\"", "labels": ["GENE"], "properties": {"fullname": "alpha-2-macroglobulin", "name": "A2M", "type": "protein-coding"}}, {"id": "\"nds_2\"", "labels": ["DISEASE"], "properties": {"name": "Carcinoma, Hepatocellular"}}, {"id": "\"gn_1\"", "labels": ["GENE"], "properties": {"fullname": "alpha-2-macroglobulin", "name": "A2M", "type": "protein-coding"}}, {"id": "\"ds_508\"", "labels": ["DISEASE"], "properties": {"name": "Alzheimer Disease"}}, {"id": "\"gn_1\"", "labels": ["GENE"], "properties": {"fullname": "alpha-2-macroglobulin", "name": "A2M", "type": "protein-coding"}}, {"id": "\"ds_477\"", "labels": ["DISEASE"], "properties": {"name": "alpha-2-Macroglobulin Deficiency"}}, {"id": "\"gn_1\"", "labels": ["GENE"], "properties": {"fullname": "alpha-2-macroglobulin", "name": "A2M", "type": "protein-coding"}}, {"id": "\"ds_294\"", "labels": ["DISEASE"], "properties": {"name": "Adenoma, Liver Cell"}}, {"id": "\"gn_1\"", "labels": ["GENE"], "properties": {"fullname": "alpha-2-macroglobulin", "name": "A2M", "type": "protein-coding"}}, {"id": "\"ds_251\"", "labels": ["DISEASE"], "properties": {"name": "Acute Kidney Injury"}}, {"id": "\"gn_7\"", "labels": ["GENE"], "properties": {"fullname": "arylacetamide deacetylase", "name": "AADAC", "type": "protein-coding"}}, {"id": "\"nds_6\"", "labels": ["DISEASE"], "properties": {"name": "Liver Cirrhosis, Experimental"}}, {"id": "\"gn_9\"", "labels": ["GENE"], "properties": {"fullname": "aralkylamine N-acetyltransferase", "name": "AANAT", "type": "protein-coding"}}, {"id": "\"nds_15\"", "labels": ["DISEASE"], "properties": {"name": "Sleep Disorders, Circadian Rhythm"}}, {"id": "\"gn_10\"", "labels": ["GENE"], "properties": {"fullname": "alanyl-tRNA synthetase", "name": "AARS", "type": "protein-coding"}}, {"id": "\"nds_17\"", "labels": ["DISEASE"], "properties": {"name": "EPILEPTIC ENCEPHALOPATHY, EARLY INFANTILE, 29"}}, {"id": "\"gn_10\"", "labels": ["GENE"], "properties": {"fullname": "alanyl-tRNA synthetase", "name": "AARS", "type": "protein-coding"}}, {"id": "\"nds_16\"", "labels": ["DISEASE"], "properties": {"name": "Charcot-Marie-Tooth Disease, Axonal, Type 2n"}}, {"id": "\"gn_12\"", "labels": ["GENE"], "properties": {"fullname": "4-aminobutyrate aminotransferase", "name": "ABAT", "type": "protein-coding"}}, {"id": "\"nds_30\"", "labels": ["DISEASE"], "properties": {"name": "Seizures"}}, {"id": "\"gn_12\"", "labels": ["GENE"], "properties": {"fullname": "4-aminobutyrate aminotransferase", "name": "ABAT", "type": "protein-coding"}}, {"id": "\"nds_29\"", "labels": ["DISEASE"], "properties": {"name": "Reflex, Abnormal"}}, {"id": "\"gn_12\"", "labels": ["GENE"], "properties": {"fullname": "4-aminobutyrate aminotransferase", "name": "ABAT", "type": "protein-coding"}}, {"id": "\"nds_28\"", "labels": ["DISEASE"], "properties": {"name": "Psychomotor Disorders"}}, {"id": "\"gn_12\"", "labels": ["GENE"], "properties": {"fullname": "4-aminobutyrate aminotransferase", "name": "ABAT", "type": "protein-coding"}}, {"id": "\"nds_27\"", "labels": ["DISEASE"], "properties": {"name": "Muscle Hypotonia"}}, {"id": "\"gn_12\"", "labels": ["GENE"], "properties": {"fullname": "4-aminobutyrate aminotransferase", "name": "ABAT", "type": "protein-coding"}}, {"id": "\"nds_6\"", "labels": ["DISEASE"], "properties": {"name": "Liver Cirrhosis, Experimental"}}, {"id": "\"gn_12\"", "labels": ["GENE"], "properties": {"fullname": "4-aminobutyrate aminotransferase", "name": "ABAT", "type": "protein-coding"}}, {"id": "\"nds_26\"", "labels": ["DISEASE"], "properties": {"name": "Lethargy"}}, {"id": "\"gn_12\"", "labels": ["GENE"], "properties": {"fullname": "4-aminobutyrate aminotransferase", "name": "ABAT", "type": "protein-coding"}}, {"id": "\"nds_25\"", "labels": ["DISEASE"], "properties": {"name": "Genetic Predisposition to Disease"}}], "relationships": [{"type": "gn_ds", "startNode": "\"gn_0\"", "endNode": "\"nds_1\"", "properties": {"ID": "1", "count": 1}}, {"type": "gn_ds", "startNode": "\"gn_0\"", "endNode": "\"nds_0\"", "properties": {"ID": "0", "count": 1}}, {"type": "gn_ds", "startNode": "\"gn_1\"", "endNode": "\"nds_9\"", "properties": {"ID": "13", "count": 1}}, {"type": "gn_ds", "startNode": "\"gn_1\"", "endNode": "\"nds_8\"", "properties": {"ID": "12", "count": 1}}, {"type": "gn_ds", "startNode": "\"gn_1\"", "endNode": "\"nds_7\"", "properties": {"ID": "11", "count": 1}}, {"type": "gn_ds", "startNode": "\"gn_1\"", "endNode": "\"nds_6\"", "properties": {"ID": "10", "count": 1}}, {"type": "gn_ds", "startNode": "\"gn_1\"", "endNode": "\"nds_5\"", "properties": {"ID": "9", "count": 1}}, {"type": "gn_ds", "startNode": "\"gn_1\"", "endNode": "\"nds_4\"", "properties": {"ID": "8", "count": 1}}, {"type": "gn_ds", "startNode": "\"gn_1\"", "endNode": "\"nds_3\"", "properties": {"ID": "7", "count": 1}}, {"type": "gn_ds", "startNode": "\"gn_1\"", "endNode": "\"nds_2\"", "properties": {"ID": "6", "count": 1}}, {"type": "gn_ds", "startNode": "\"gn_1\"", "endNode": "\"ds_508\"", "properties": {"ID": 5, "count": 1}}, {"type": "gn_ds", "startNode": "\"gn_1\"", "endNode": "\"ds_477\"", "properties": {"ID": 4, "count": 1}}, {"type": "gn_ds", "startNode": "\"gn_1\"", "endNode": "\"ds_294\"", "properties": {"ID": 3, "count": 1}}, {"type": "gn_ds", "startNode": "\"gn_1\"", "endNode": "\"ds_251\"", "properties": {"ID": 2, "count": 1}}, {"type": "gn_ds", "startNode": "\"gn_7\"", "endNode": "\"nds_6\"", "properties": {"ID": 18, "count": 1}}, {"type": "gn_ds", "startNode": "\"gn_9\"", "endNode": "\"nds_15\"", "properties": {"ID": "22", "count": 1}}, {"type": "gn_ds", "startNode": "\"gn_10\"", "endNode": "\"nds_17\"", "properties": {"ID": "24", "count": 1}}, {"type": "gn_ds", "startNode": "\"gn_10\"", "endNode": "\"nds_16\"", "properties": {"ID": "23", "count": 1}}, {"type": "gn_ds", "startNode": "\"gn_12\"", "endNode": "\"nds_30\"", "properties": {"ID": "38", "count": 1}}, {"type": "gn_ds", "startNode": "\"gn_12\"", "endNode": "\"nds_29\"", "properties": {"ID": "37", "count": 1}}, {"type": "gn_ds", "startNode": "\"gn_12\"", "endNode": "\"nds_28\"", "properties": {"ID": "36", "count": 1}}, {"type": "gn_ds", "startNode": "\"gn_12\"", "endNode": "\"nds_27\"", "properties": {"ID": "35", "count": 1}}, {"type": "gn_ds", "startNode": "\"gn_12\"", "endNode": "\"nds_6\"", "properties": {"ID": 34, "count": 1}}, {"type": "gn_ds", "startNode": "\"gn_12\"", "endNode": "\"nds_26\"", "properties": {"ID": "33", "count": 1}}, {"type": "gn_ds", "startNode": "\"gn_12\"", "endNode": "\"nds_25\"", "properties": {"ID": "32", "count": 1}}]}}]}], "errors": []}