{
    "results": [
        {
            "columns": ["DRUG", "DISEASE"],
            "data": [
                {
                    "graph": {
                        "nodes": [
                            {
                                "id": "1",
                                "labels": ["DRUG"],
                                "properties": {
                                    "name": "drug1"
                                }
                            },
                            {
                                "id": "12",
                                "labels": ["DRUG"],
                                "properties": {
                                    "name": "drug2"
                                }
                            },
                            {
                                "id": "7",
                                "labels": ["DISEASE"],
                                "properties": {
                                    "name": "disease1"
                                }
                            },
                            {
                                "id": "6",
                                "labels": ["TARGET"],
                                "properties": {
                                    "name": "target1"
                                }
                            },
                            {
                                "id": "8",
                                "labels": ["SIDEEFFECT"],
                                "properties": {
                                    "name": "sideeffect1"
                                }
                            },
                            {
                                "id": "71",
                                "labels": ["PHYSIOLOGY"],
                                "properties": {
                                    "name": "physiology1"
                                }
                            },
                            {
                                "id": "21",
                                "labels": ["PATHWAY"],
                                "properties": {
                                    "name": "pathway1"
                                }
                            },
                            {
                                "id": "22",
                                "labels": ["GENE"],
                                "properties": {
                                    "name": "gene1"
                                }
                            }

                            
                        ],
                        "relationships": [
                            {
                                "id": "72",
                                "type": "dr_se",
                                "startNode": "1",
                                "endNode": "8",
                                "properties": {
                                    "name": "dr_se1"
                                }
                            },
                            {
                                "id": "73",
                                "type": "dr_dr",
                                "startNode": "1",
                                "endNode": "12",
                                "properties": {
                                    "name": "dr_dr1"
                                }
                            },
                            {
                                "id": "74",
                                "type": "dr_ph",
                                "startNode": "1",
                                "endNode": "71",
                                "properties": {
                                    "name": "dr_ph1"
                                }
                            },
                            {
                                "id": "75",
                                "type": "gn_ds",
                                "startNode": "22",
                                "endNode": "7",
                                "properties": {
                                    "name": "gn_ds1"
                                }
                            }
                        ]
                    }
                }
            ]
        }
    ],
    "errors": []
}