drug_name	adverse_effect
paliperidone	inverted T
posaconazole	aplasia
donepezil	abnormal vision
insulin glargine	urticaria
iopromide	malaise
medroxyprogesterone	deep vein thrombosis
gadobenate	ECG abnormal
varenicline	agitation
dasatinib	optic neuritis
histrelin	fluid retention
isosorbide-5-mononitrate	cardiovascular disease
olanzapine	tinnitus
lomefloxacin	anemia
methyltestosterone	enlargement
naratriptan	tumor
minoxidil	aches
indinavir	hemolytic anemia
clomiphene citrate	urinary frequency
D-penicillamine	agitation
trospium chloride	rhinitis
methocarbamol	metallic taste
ziconotide	infection
lomefloxacin	vertigo
flumazenil	hypersensitivity
rifabutin	urine discoloration
febuxostat	abdominal distention
docetaxel	dyspnea
ziconotide	viral infection
amphotericin B	hallucinations
quinidine	ECG abnormal
folate	anorexia
MK-521	pleural
acetaminophen	Thoracic
acamprosate	vasodilation
galantamine	weight loss
ampicillin	purpura
pantoprazole	salivation
gabapentin	glycosuria
citalopram	reflexes increased
desipramine	petechiae
diazepam	taste perversion
pentoxifylline	insomnia
levetiracetam	hepatic failure
amphotericin B	thromboplastin decreased
moxifloxacin	lipase increased
acitretin	cracked skin
amiodarone	vasculitis
sitaxsentan	conjunctivitis
ritonavir	psoriasis
vigabatrin	abnormal dreams
rapamycin	pharyngitis
penicillin	reflexes increased
ethylenediaminetetraacetic acid	headache
sertraline	euphoria
calcium	weakness
levonorgestrel	hypertension
verapamil	purpura
disopyramide	hypotension
dihydroergotamine	hypesthesia
cyclophosphamide	extravasation
verapamil	claudication
ethylenediaminetetraacetic acid	hematuria
didanosine	Metabolic Disorders
Gadofosveset	atrial fibrillation
SMS 201-995	rectal hemorrhage
zoledronic acid	decreased creatinine
prostaglandin E1	ecchymosis
bupropion	sinus congestion
ritonavir	fever
pregabalin	generalized edema
tiagabine	voice alteration
memantine	detachment
carbamazepine	leukocytosis
entacapone	anxiety
diclofenac	jaundice
reserpine	anxiety
BCNU	neutropenia
ganciclovir	incontinence
doxorubicin	hyperlipidemia
sitaxsentan	muscle atrophy
selegiline	lightheadedness
thiamine	hemorrhage
ganciclovir	multiorgan failure
indapamide	bullous eruption
captopril	anaphylactoid reactions
ursodeoxycholic acid	Gastrointestinal Disorders
piroxicam	hypotension
palonosetron	tachycardia
diltiazem	face edema
naltrexone	abdominal pain
fluoxetine	stomatitis
diflunisal	dyspepsia
tacrine	tendinitis
lidocaine	apnea
amlodipine	bradycardia
ganciclovir	hypertonia
nabilone	photophobia
diatrizoate	paralysis
valdecoxib	pericarditis
aztreonam	pharyngolaryngeal pain
voriconazole	hypotension
pregabalin	syncope
hydromorphone	cholangitis
fluoxetine	neuroleptic malignant
bupropion	vasodilation
leuprolide acetate	ulcer
sertraline	hepatitis
disodium cromoglycate	hypesthesia
cidofovir	anemia
prazosin	pruritus
1,25-dihydroxyvitamin D3	elevated hemoglobin
conjugated estrogens	leukorrhea
cyclophosphamide	rhinorrhea
streptase	musculoskeletal pain
palonosetron	eye irritation
doxorubicin	impaction
nalidixic acid	vomiting
beclomethasone	local burning
caffeine	healing abnormal
secobarbital	fever
indomethacin	pulmonary infections
quinapril	acute renal failure
estradiol	anaphylactoid reactions
iopamidol	hot flushes
linezolid	ecchymosis
dasatinib	Gastrointestinal Disorders
allopurinol	stomatitis
quetiapine	weight loss
zolpidem	hypercholesterolemia
amoxapine	tremor
etoposide	extravasation
clodronate	acute renal failure
letrozole	thrombophlebitis
cytosine arabinoside	respiratory distress
halofantrine	arthralgia
paclitaxel	hepatic encephalopathy
citalopram	anxiety attack
sorafenib	dyspepsia
sitagliptin	hypertension
topotecan	dyspnea
memantine	pneumonia
promethazine	malignant syndrome
estazolam	tremor
donepezil	AV block
piroxicam	anxiety
dorzolamide	infection
doxepin	contact dermatitis
naloxone	flushing
risedronate	urticaria
desipramine	gynecomastia
topiramate	palpitations
pramipexole	flu
ropivacaine	jaundice
moxifloxacin	amnesia
lomefloxacin	vomiting
clonazepam	alopecia
gadobenate	nasal congestion
apraclonidine	foreign body sensation
nabilone	syncope
busulfan	vesicular rash
tadalafil	bronchitis
benazepril	Interactions
naltrexone	phlebitis
tramadol	constipation
gabapentin	lassitude
naproxen	peptic ulcer
doxazosin	alopecia
tigecycline	dyspepsia
alprazolam	back pain
risperidone	lymphopenia
D-cycloserine	neurologic symptoms
Ridaura	pneumonia
pilocarpine	migraine
nilotinib	night sweats
gentamicin	convulsions
erlotinib	pustules
entacapone	vomiting
eprosartan	flatulence
venlafaxine	taste loss
trifluoperazine	rash
thiazide	sialadenitis
irinotecan	leukopenia
levonorgestrel	palpitations
cyproterone	urticaria
tiagabine	hostility
frovatriptan	cheilitis
sevoflurane	taste perversion
nepafenac	keratitis
rosuvastatin	peripheral edema
disodium cromoglycate	hypersensitivity
ceftriaxone	gallbladder sludge
bexarotene	edema
delavirdine	eructation
atorvastatin	pain
metformin	rash
valproic acid	dyskinesia
Trasylol	hypertension
fexofenadine	throat irritation
trazodone	gastrointestinal discomfort
adefovir dipivoxil	hypophosphatemia
valproic acid	enlargement
cephem	rash
irinotecan	Neutropenic infection
tiagabine	postural hypotension
clomiphene citrate	paresthesia
piroxicam	erythema multiforme
entacapone	thrombocytopenia
carbinoxamine maleate	wheezing
paliperidone	urticaria
pindolol	pruritus
salmeterol	allergic rhinitis
felbamate	abnormal gait
vitamin A	headache
risperidone	lichenoid dermatitis
rizatriptan	distention
ganirelix	nevus
loteprednol	eye infection
nitroglycerin	rash
rimantadine	lactation
levonorgestrel	vertigo
cevimeline	desquamation
methyldopa	dry mouth
cevimeline	paranoid reaction
indinavir	nephrolithiasis
amphotericin B	neuropathy
Zoladex	urinary retention
maraviroc	cirrhosis
famciclovir	dyspepsia
lansoprazole	myocardial infarction
methotrexate	anemia
famotidine	hypotrichosis
mycophenolic acid	convulsions
flumazenil	somnolence
methylprednisolone	steroid myopathy
gabapentin	vesiculobullous rash
glatiramer acetate	salivary gland enlargement
topiramate	polycythemia
cyproterone	flu
Implanon	breast enlargement
ursodeoxycholic acid	syncope
tiagabine	ischemia
acitretin	posterior subcapsular cataract
diclofenac	prostatic specific antigen increase
letrozole	coronary heart disease
darunavir	Blood alkaline phosphatase increased
iodipamide	pallor
MK-521	pemphigus
tiludronate	nausea
pantoprazole	glaucoma
exemestane	increased sweating
sitagliptin	dysmenorrhea
pantoprazole	vascular disease
bortezomib	Urinary System Disorders
bumetanide	vomiting
lenalidomide	ear pain
hydroxyurea	acute renal failure
olsalazine	dizziness
amitriptyline	delusions
atazanavir	nephrolithiasis
pregabalin	gingivitis
cilazapril	conjunctivitis
propofol	hypertonia
cefprozil	somnolence
tolcapone	gastrointestinal carcinoma
sitaxsentan	infarction
tolterodine	reflux
perindopril	bone pain
conjugated estrogens	neck rigidity
fluoxetine	akathisia
2,3-dimercaptopropanol	lacrimation
anagrelide	hemorrhage
dexamethasone	skin atrophy
remifentanil	visual disturbances
lubiprostone	electrolyte imbalance
estradiol	moniliasis
cerivastatin	anaphylaxis
diatrizoate	paresis
CGP 39393	healing abnormal
lepirudin	hypovolemia
aripiprazole	hypothyroidism
nortriptyline	adenitis
nabumetone	hyperglycemia
trandolapril	flatulence
milnacipran	chills
zoledronic acid	stiffness
bimatoprost	palpitations
Gadofosveset	injection site hemorrhage
trimethoprim	rash
midodrine	headache
paroxetine	male sexual dysfunction
sitaxsentan	hepatic failure
clomipramine	urinary frequency
aspirin	tinnitus
triazolam	constipation
nabilone	Anhidrosis
rivastigmine	Gastrointestinal Disorders
mesoridazine	pruritus
nevirapine	rash erythematous
amphetamine	fatigue
cerivastatin	arthralgia
aprepitant	Lower Respiratory Tract Infections
levobunolol	respiratory failure
dofetilide	cough increased
loxapine	akathisia
human insulin	nausea
rifaximin	upset stomach
dicyclomine	somnolence
clomiphene citrate	lens
buserelin acetate	paresthesia
docetaxel	swelling of the vein
gentamicin	visual disturbances
papaverine	diarrhea
vigabatrin	paresthesia
cyproheptadine	anorexia
triamcinolone	oral moniliasis
cefaclor	paresthesia
iodixanol	hearing loss
chlorthalidone	gastric irritation
asenapine	edema
diflunisal	gastrointestinal hemorrhage
thalidomide	dysphagia
donepezil	cystitis
cladribine	asthenia
nifedipine	leukopenia
gliclazide	palpitations
nilotinib	hepatomegaly
desvenlafaxine	erythema
doxycycline	erythema multiforme
remifentanil	headache
ursodeoxycholic acid	seizures
sulfasalazine	fever
saquinavir	substernal chest pain
fenofibrate	zoster
ziconotide	respiratory distress
Neoral	tubular necrosis
nizatidine	anemia
pindolol	diarrhea
ropinirole	eye pain
rivastigmine	leg pain
dapsone	vomiting
trandolapril	ECG abnormal
febuxostat	thrombocytopenia
rasagiline	cerebral hemorrhage
dorzolamide	flu
diltiazem	crystalluria
fluvoxamine	pelvic pain
trifluorothymidine	keratopathy
loratadine	Gastrointestinal Disorders
amifostine	chest tightness
zonisamide	immunodeficiency
mycophenolic acid	venous pressure increased
duloxetine	Nervous System Disorders
fluticasone	fatigue
norepinephrine	elevated blood pressure
Neoral	involuntary muscle contractions
bexarotene	myalgia
ritonavir	dermatitis
aripiprazole	dyspnea
cyproterone	shock
clodronate	osteonecrosis of the jaw
montelukast	Gastrointestinal Disorders
ketotifen	nausea
fosfomycin	skin disorder
paclitaxel	Hematologic Disorders
fluphenazine	cholestatic jaundice
thalidomide	skin benign neoplasm
lanreotide	heart disease
levonorgestrel	Genital ulcer
darunavir	nightmares
amifostine	chills
fentanyl	anorgasmia
propafenone	esophagitis
aripiprazole	lactation
amlodipine	maculopapular rash
dantrolene	hemorrhage
gemcitabine	SGOT increased
rasagiline	deep thrombophlebitis
prostacyclin	respiratory disorder
thiothixene	arrest
pioglitazone	liver function tests abnormal
docetaxel	bullous eruption
doxorubicin	injection site reaction
ropinirole	torticollis
olanzapine	buccoglossal syndrome
fosinopril	neutropenia
morphine	back pain
sulindac	insomnia
cefpodoxime	basophilia
olanzapine	pulmonary edema
roflumilast	nausea
acitretin	dry eyes
frovatriptan	dehydration
posaconazole	abnormal renal function
beclomethasone	urticaria
aripiprazole	thrombophlebitis
darunavir	altered state of consciousness
fluoxetine	convulsions
aripiprazole	affect lability
human insulin	clammy
amsacrine	abdominal pain
selegiline	skin carcinoma
celecoxib	albuminuria
lepirudin	insomnia
sucralfate	pruritus
docosanol	dry skin
tramadol	bipolar disorder
labetalol	syncope
pramipexole	gallbladder cancer
nitrogen mustard	delayed menstrual period
pantoprazole	metallic taste
doxazosin	photophobia
fluvoxamine	agranulocytosis
zolpidem	hot flushes
clonazepam	eosinophilia
entacapone	somnolence
treprostinil	embolism
dexamethasone	conjunctivitis
lenalidomide	macular degeneration
indomethacin	peripheral neuropathy
thiotepa	neutropenia
LY146032	vascular disease
hydromorphone	panic attacks
pregabalin	melanoma
dicyclomine	suppressed lactation
moricizine	incontinence
human insulin	paresthesia
dexmedetomidine	acute renal failure
gatifloxacin	confusion
ropinirole	blindness
orlistat	Rectal Pain
metronidazole	aches
sevoflurane	anaphylactoid reactions
human insulin	kidney pain
fluoxymesterone	virilization
dasatinib	fever
trospium chloride	artery disease
aripiprazole	vesiculobullous rash
mometasone	epistaxis
doxazosin	weakness
morphine	flu
medroxyprogesterone	SIDS
2'-deoxycoformycin	pruritus
nilutamide	alopecia
pergolide	conjunctivitis
moxifloxacin	corneal infiltrates
glimepiride	hypoglycemic episodes
fludrocortisone	glycosuria
zonisamide	reflexes increased
zolmitriptan	osteoporosis
sucralfate	upset stomach
imatinib	breast enlargement
fentanyl	leukocytosis
gemfibrozil	pruritus
hydrochlorothiazide	glycosuria
diethylpropion	discomfort
tramadol	urea increased
bosentan	shivering
benazepril	urinary tract infection
piroxicam	ulcer
lorazepam	heart block
oxacillin	eosinophilia
rabeprazole	vomiting
morphine	sneezing
duloxetine	penis
sitaxsentan	blood lactate dehydrogenase increased
pilocarpine	bilirubinemia
terazosin	impotence
telithromycin	upset
ceftobiprole medocaril	vomiting
propafenone	insomnia
lorazepam	pulmonary hemorrhage
pralidoxime	tachycardia
fentanyl	bladder pain
amiodarone	pulmonary infiltrates
lenalidomide	Endocrine Disorders
thiothixene	glycosuria
omeprazole	esophageal ulcer
propafenone	tinnitus
allopurinol	amnesia
cladribine	fever
5-aza-2'-deoxycytidine	abnormal liver function
2'-deoxycoformycin	abdominal pain
flurbiprofen	tremor
doxapram	ventricular tachycardia
ropinirole	thirst
metronidazole	eruptions
ritonavir	incoordination
5-aminosalicylic acid	malaise
desflurane	vomiting
triazolam	depersonalization
oxcarbazepine	hemiplegia
paricalcitol	ischemia
phenoxybenzamine	hypotension
ziprasidone	amnesia
imatinib	blisters
clomipramine	lupus
nitrofurantoin	anorexia
fenoprofen	personality change
celecoxib	Coronary Atherosclerosis
venlafaxine	congestive heart failure
human insulin	neuropathy
secobarbital	somnolence
fentanyl	discomfort
ropinirole	emotional lability
cephalexin	lactic dehydrogenase increased
15(S) 15-methyl prostaglandin F2 alpha	hyperventilation
clindamycin	gas
amprenavir	diabetes
carboplatin	abnormal liver function
Neoral	angioedema
furosemide	drowsiness
ganciclovir	SGPT increased
oxymetholone	priapism
thioridazine	positive pregnancy tests
cyclophosphamide	toxic epidermal necrolysis
iodine	confusion
eletriptan	glossitis
glibenclamide	hypopituitarism
cyproheptadine	blurred vision
iodixanol	feeling of warmth
pantoprazole	syncope
ofloxacin	obstructive pulmonary disease
vardenafil	tachyarrhythmias
oxacillin	sensitization
posaconazole	speech disorder
cevimeline	blood pressure fluctuation
gefitinib	rash
rifapentine	lung carcinoma
5-aza-2'-deoxycytidine	respiratory tract infection
sitagliptin	Nervous System Disorders
quinidine	fatigue
nepafenac	hypertension
nafarelin acetate	infarction
mirtazapine	amenorrhea
ertapenem	hematuria
lansoprazole	erythema multiforme
clarithromycin	anorexia
diethylpropion	cerebrovascular accident
lovastatin	malaise
pregabalin	hepatomegaly
atorvastatin	urinary frequency
clodronate	Connective Tissue Disorders
pregabalin	macrocytic anemia
olanzapine	congestive heart failure
doxorubicin	ataxia
lamotrigine	weight loss
meloxicam	Gastrointestinal Disorders
pramipexole	duodenal ulcer
ioxaglate	ischemia
amoxapine	atrial fibrillation
aliskiren	epistaxis
epinastine	rhinitis
mirtazapine	menorrhagia
nabumetone	dry mouth
ganciclovir	Catheter Sepsis
ropivacaine	deep vein thrombosis
fluoxetine	dysarthria
foscarnet	involuntary muscle contractions
methylnaltrexone	abnormal heart sounds
dofetilide	insomnia
warfarin	bullous eruption
darifenacin	reflexes increased
diclofenac	alopecia
doxycycline	anaphylaxis
topotecan	anorexia
acamprosate	dry skin
pregabalin	angina
ribavirin	hearing loss
rifampicin	conjunctivitis
aprepitant	urinary tract infection
erlotinib	sicca
buserelin acetate	vaginal discharge
oxaliplatin	hemorrhoids
eplerenone	creatinine increased
anidulafungin	Nervous System Disorders
tiludronate	cough
dasatinib	temperature intolerance
clofarabine	Mediastinal Disorders
fosinopril	myocardial infarction
nadolol	flatulence
indomethacin	convulsions
metronidazole	menorrhagia
valdecoxib	melanoma
epitopic	striae
sulfadiazine	methemoglobinemia
estramustine	lethargy
ziprasidone	buccoglossal syndrome
clomiphene citrate	tinnitus
oseltamivir	anemia
saccharated iron oxide	shock
fluoxetine	mouth ulceration
ertapenem	chills
lacosamide	Nervous System Disorders
almotriptan	cold sweat
oxycodone	photosensitivity reaction
pilocarpine	face edema
indapamide	arthrosis
raloxifene	sweating
delavirdine	hiccup
risperidone	adenomas
sildenafil	hyperemia
hydralazine	anorexia
retinoic acid	dry scalp
gliclazide	chest pain
ketamine	flashbacks
entacapone	carpal tunnel syndrome
moxifloxacin	abnormal gait
clonidine	urinary frequency
tipranavir	sickness
bicalutamide	bladder stenosis
rifabutin	purpura
risedronate	sinusitis
ziconotide	Psychiatric Disorders
febuxostat	palpitations
aripiprazole	hypoesthesia oral
lamotrigine	flushing
lansoprazole	menorrhagia
buserelin acetate	abnormality of accommodation
amyl nitrite	cold sweat
rabeprazole	herpes simplex
tolcapone	erythema
valproic acid	abdominal pain
rosuvastatin	nephropathy
dantrolene	malaise
codeine	sedation
tizanidine	petechiae
pregabalin	lymphangitis
olsalazine	withdrawn
buspirone	drowsiness
methysergide	dysuria
pregabalin	drunk
lincomycin	rash
atovaquone	tightness of the throat
cevimeline	eosinophilia
2'-deoxycoformycin	paresthesia
deferasirox	drug fever
clopidogrel	angioedema
lithium	myxedema
mannitol	bronchospasm
cimetidine	hypersensitivity vasculitis
lorazepam	nervousness
valdecoxib	swelling
methazolamide	tinnitus
entacapone	Syndrome X
olanzapine	cough increased
telithromycin	thrombocythemia
fentanyl	micturition disorder
cefprozil	urticaria
mitoxantrone	fungal infection
moexipril	postural hypotension
febuxostat	hypesthesia
acamprosate	hernia
midazolam	hypotension
ursodeoxycholic acid	Eye Disorders
etravirine	tremor
clomiphene citrate	neoplasm of pituitary
atomoxetine	hostility
conjugated estrogens	fibroids
estradiol	aches
saquinavir	agitation
etodolac	shock
clarithromycin	polyps
ribavirin	pulmonary edema
nilutamide	weight loss
rabeprazole	neuralgia
galactose	absent reflexes
hydroxyurea	hyperuricemia
atomoxetine	delayed ejaculation
ciprofloxacin	hemorrhagic cystitis
gadopentetate	paresthesia
thioridazine	eruptions
gatifloxacin	mouth ulceration
methotrexate	decreased serum albumin
citalopram	diplopia
troglitazone	withdrawn
propafenone	hepatomegaly
memantine	dysphagia
galantamine	dry mouth
bupropion	Post procedural pain
propafenone	prolonged prothrombin time
metronidazole	pharyngitis
lansoprazole	tenesmus
nabilone	edema
cortisol	pigmentation
dopamine	hypertension
diazoxide	enlargement
simvastatin	memory impairment
amphetamine	syncope
hydromorphone	diplopia
gadoteridol	dry mouth
clofazimine	suicide
simvastatin	diarrhea
tiagabine	stupor
desipramine	ventricular tachycardia
nisoldipine	ear pain
hydrochlorothiazide	distention
amphotericin B	angioedema
ioxaglate	arrhythmia
celecoxib	taste perversion
cevimeline	bundle branch block
tramadol	apathy
AMD3100	pruritus
pramipexole	amenorrhea
famotidine	prostate hypertrophy
2',3'-dideoxycytidine	inflammation
leuprolide acetate	neuromyopathy
capecitabine	peroneal nerve palsy
leflunomide	erythema multiforme
rivastigmine	muscle weakness
ganciclovir	eosinophilia
vigabatrin	manic
cidofovir	spleen disorder
ipratropium bromide	angle closure glaucoma
pregabalin	voice alteration
valsartan	death
ethacrynic acid	convulsions
linezolid	Localized Pain
estradiol	genital edema
droperidol	ventricular tachycardia
meloxicam	agranulocytosis
enfuvirtide	nerve pain
levetiracetam	psychosis
hydroxocobalamin	vascular disease
tazarotene	cheilitis
paclitaxel	leukopenia
[Arg8]vasopressin	myocardial ischemia
trovafloxacin	acute hepatic necrosis
nefazodone	hypertension
riluzole	hyponatremia
desipramine	myocardial infarction
capecitabine	taste loss
atropine	scarlatiniform rash
2',3'-dideoxycytidine	alkaline phosphatase increased
ethacrynic acid	hyperglycemia
fluoxetine	ischemia
clonazepam	dehydration
amphotericin B	liver disease
clonidine	obstruction
fluvoxamine	eczema
isosorbide-5-mononitrate	hypochromic anemia
methylphenidate	dry eyes
ursodeoxycholic acid	interstitial pneumonitis
levobunolol	pain
amitriptyline	agitation
tacrolimus	ECG abnormal
chloramphenicol	glossitis
ropinirole	bundle branch block
oxycodone	dyspepsia
oxycodone	chills and fever
riluzole	hemorrhage
ixabepilone	thrombocytopenia
desflurane	hepatic necrosis
megestrol	hypesthesia
baclofen	enuresis
sumatriptan	eye itching
ioversol	ecchymosis
fenofibrate	ear pain
celecoxib	hot flushes
cefdinir	seizures
polythiazide	cholestatic jaundice
betaxolol	dry mouth
naproxen	nephrotic syndrome
bupropion	somnambulism
5-aminosalicylic acid	gagging
aripiprazole	oral pain
hydrochlorothiazide	swelling
moxifloxacin	eructation
lactulose	cramps
prasugrel	hematoma
ketoprofen	purpura
cevimeline	Eye Abnormality
doxorubicin	increased salivation
dacarbazine	Pancreas
risperidone	titubation
nystatin	vomiting
dabigatran etexilate	hemorrhagic strokes
dihydroergotamine	ventricular fibrillation
zolmitriptan	malaise
doxazosin	thinking abnormal
trandolapril	arthralgia
levobunolol	paresthesia
naproxen	hematoma
azelastine	thinking abnormal
darunavir	suicide
rivastigmine	Elevated prolactin level
10-propargyl-10-deazaaminopterin	elevated transaminases
cortisol	menstrual irregularities
thalidomide	emotional lability
mycophenolic acid	hyperuricemia
pantoprazole	anaphylaxis
carbinoxamine maleate	labyrinthitis
olmesartan medoxomil	urinary tract infection
fluocinolone acetonide	papules
gadoversetamide	dry mouth
dexamethasone	glaucoma
zoledronic acid	dyspepsia
conjugated estrogens	bloating
ioversol	infarction
buserelin acetate	arthralgia
ziprasidone	vaginal hemorrhage
thioridazine	eosinophilia
tiagabine	fecal incontinence
piperacillin	pancytopenia
maraviroc	myocardial infarction
voriconazole	visual disturbances
insulin glargine	loss of consciousness
spectinomycin	hypersensitivity
thalidomide	myxedema
cidofovir	seborrhea
zaleplon	delayed menstrual period
galantamine	aggressive reaction
ziconotide	agitation
ritonavir	anorexia
dasatinib	Thoracic
dolasetron	cough
torasemide	arthralgia
valdecoxib	increased thirst
tirofiban	hypersensitivity
febuxostat	somnolence
pentazocine	lightheadedness
ribavirin	rash
meropenem	vaginal moniliasis
15(S) 15-methyl prostaglandin F2 alpha	twitching
oxaliplatin	hematuria
vardenafil	Ejaculation Premature
zoledronic acid	somnolence
tacrine	urinary incontinence
aripiprazole	stomatitis
trazodone	weakness
glimepiride	anemia
vardenafil	edema mucosal
LY146032	Gastrointestinal Disorders
budesonide	respiratory tract infection
phenytoin	sinusitis
adapalene	hepatitis
methylnaltrexone	fatigue
brompheniramine	dysuria
quinidine	agranulocytosis
fluvoxamine	apnea
bisoprolol	hyperpigmentation
2'-deoxycoformycin	dysarthria
timolol	cold hands
famciclovir	Hepatobiliary Disorders
methylphenidate	diabetes
varenicline	subcapsular cataracts
gemifloxacin	Infestations
streptase	urticaria
5-aminosalicylic acid	lymphadenopathy
amiodarone	photophobia
aripiprazole	loss of consciousness
methotrexate	urticaria
procarbazine	epidermal necrolysis
frovatriptan	asthenia
riluzole	osteonecrosis
desflurane	palpitations
telithromycin	fatigue
amiodarone	QT prolonged
darunavir	dizziness
penicillin	hypotension
anagrelide	infarction
estazolam	pharyngitis
dobutamine	nausea
ribavirin	sepsis
sodium iothalamate	coronary insufficiency
aprepitant	muscle weakness
topiramate	reflexes increased
ropivacaine	SGOT increased
pregabalin	herpes simplex
oxcarbazepine	aches
solifenacin	colonic obstruction
clobazam	dysarthria
diazepam	headache
felbamate	epidermal necrolysis
venlafaxine	arteritis
topiramate	Connective Tissue Disorders
procaine	bradycardia
dasatinib	heart disease
mexiletine	vomiting
pimozide	protrusion of the tongue
tadalafil	global amnesia
DDAVP	water retention
testosterone	affect lability
aripiprazole	twitching
propafenone	oliguria
acamprosate	myopathy
meropenem	pelvic pain
SMS 201-995	twitching
medroxyprogesterone	Decreased carbohydrate tolerance
midazolam	athetosis
gemcitabine	progressive renal failure
Neoral	tumor
doxorubicin	hypokalemia
stavudine	asthenia
megestrol	dyspnea
fludrocortisone	acneiform eruptions
clozapine	hyperkinesia
gadobenate	tinnitus
simvastatin	necrosis
methimazole	headache
doxycycline	stomatitis
ciprofloxacin	chemosis
rapamycin	osteonecrosis
dasatinib	skin disorder
nabumetone	agitation
maraviroc	depressive disorder
phentolamine	swelling
Gadofosveset	obstruction
bortezomib	decreased appetite
cisplatin	cramps
ertapenem	bronchoconstriction
ibuprofen	renal impairment
efavirenz	asthma
rabeprazole	deafness
fexofenadine	cough
fluticasone	gastrointestinal discomfort
tramadol	myocardial ischemia
carnitine	constipation
dexamethasone	hypernatremia
clarithromycin	ventricular tachycardia
unoprostone	abnormal vision
tramadol	potassium increased
selegiline	dry eyes
capecitabine	elevated blood pressure
2'-deoxycoformycin	deafness
pregabalin	pyelonephritis
gabapentin	salivary gland enlargement
ertapenem	vertigo
rivastigmine	hypotension
cidofovir	neck pain
emtricitabine	otitis
emtricitabine	Nervous System Disorders
flumazenil	hallucinations
diazoxide	infection
risedronate	osteonecrosis of the jaw
rifapentine	urinary incontinence
riluzole	pericarditis
cevimeline	pericarditis
fluvastatin	anaphylaxis
bendamustine	dry skin
bicalutamide	cramps
lamotrigine	pancytopenia
gadobenate	torsade de pointes
polidocanol	neovascularization
sitagliptin	tooth infection
enfuvirtide	glomerulonephritis
sulfadiazine	diarrhea
atazanavir	tinnitus
aprepitant	vein thrombosis
oxaprozin	drowsiness
zonisamide	alopecia
mirtazapine	ulcerative stomatitis
nifedipine	bronchospasm
ramipril	erythema multiforme
diazepam	incontinence
acyclovir	inflammation
ganciclovir	somnolence
formoterol	peripheral edema
pramipexole	hypertension
diazoxide	diabetic ketoacidosis
minocycline	eosinophilia
epsilon-aminocaproic acid	diarrhea
pantoprazole	stomach
dihydroergotamine	edema
adapalene	pain
gabapentin	CNS tumors
ranitidine	vomiting
conjugated estrogens	pharyngitis
ethacrynic acid	discomfort
telithromycin	anxiety
nifedipine	shock
capecitabine	bronchopneumonia
tramadol	hemoptysis
insulin glargine	injection site pain
deferiprone	heart disease
phenytoin	systemic lupus erythematosus
alprazolam	stiffness
risedronate	vasodilation
bendamustine	pharyngolaryngeal pain
ropinirole	muscle weakness
riluzole	psychiatric symptoms
varenicline	atrial fibrillation
progesterone	seborrhea
misoprostol	gout
clonazepam	ankle edema
tapentadol	agitation
oxaliplatin	tubular necrosis
penicillin	twitching
sitagliptin	gastroenteritis viral
5-azacytidine	fibrillation
cefadroxil	anaphylaxis
raltegravir	anxiety
anagrelide	syncope
riluzole	neuropathy
tolcapone	bacterial infections
fluvoxamine	conjunctivitis
milnacipran	heart disease
meropenem	hypertension
progesterone	breast carcinoma
diazoxide	lump
Urofollitropin	anxiety
