ATC_CODE	NAME	LEVEL1	CODE1
B01AE02	Lepirudin	BLOOD AND BLOOD FORMING ORGANS	B
L01XC06	Cetuximab	ANTINEOPLASTIC AND IMMUNOMODULATING AGENTS	L
R05CB13	Dornase alfa	RESPIRATORY SYSTEM	R
L01XX29	Denileukin diftitox	ANTINEOPLASTIC AND IMMUNOMODULATING AGENTS	L
L04AB01	Etanercept	ANTINEOPLASTIC AND IMMUNOMODULATING AGENTS	L
B01AE06	Bivalirudin	BLOOD AND BLOOD FORMING ORGANS	B
L02AE02	Leuprolide	ANTINEOPLASTIC AND IMMUNOMODULATING AGENTS	L
L03AB61	Peginterferon alfa-2a	ANTINEOPLASTIC AND IMMUNOMODULATING AGENTS	L
L03AB11	Peginterferon alfa-2a	ANTINEOPLASTIC AND IMMUNOMODULATING AGENTS	L
S01XA13	Alteplase	SENSORY ORGANS	S
B01AD02	Alteplase	BLOOD AND BLOOD FORMING ORGANS	B
V04CD03	Sermorelin	VARIOUS	V
H01AC04	Sermorelin	SYSTEMIC HORMONAL PREPARATIONS, EXCL. SEX HORMONES AND INSULINS	H
L03AB06	Interferon alfa-n1	ANTINEOPLASTIC AND IMMUNOMODULATING AGENTS	L
B03XA02	Darbepoetin alfa	BLOOD AND BLOOD FORMING ORGANS	B
B01AD04	Urokinase	BLOOD AND BLOOD FORMING ORGANS	B
L02AE03	Goserelin	ANTINEOPLASTIC AND IMMUNOMODULATING AGENTS	L
B01AD07	Reteplase	BLOOD AND BLOOD FORMING ORGANS	B
B03XA01	Erythropoietin	BLOOD AND BLOOD FORMING ORGANS	B
H05BA01	Salmon Calcitonin	SYSTEMIC HORMONAL PREPARATIONS, EXCL. SEX HORMONES AND INSULINS	H
L03AA13	Pegfilgrastim	ANTINEOPLASTIC AND IMMUNOMODULATING AGENTS	L
L03AA09	Sargramostim	ANTINEOPLASTIC AND IMMUNOMODULATING AGENTS	L
V04CK01	Secretin	VARIOUS	V
L03AB60	Peginterferon alfa-2b	ANTINEOPLASTIC AND IMMUNOMODULATING AGENTS	L
L03AB10	Peginterferon alfa-2b	ANTINEOPLASTIC AND IMMUNOMODULATING AGENTS	L
L01XX02	Asparaginase Escherichia coli	ANTINEOPLASTIC AND IMMUNOMODULATING AGENTS	L
H01AB01	Thyrotropin Alfa	SYSTEMIC HORMONAL PREPARATIONS, EXCL. SEX HORMONES AND INSULINS	H
V04CJ01	Thyrotropin Alfa	VARIOUS	V
B02BD02	Antihemophilic factor, human recombinant	BLOOD AND BLOOD FORMING ORGANS	B
L04AC03	Anakinra	ANTINEOPLASTIC AND IMMUNOMODULATING AGENTS	L
R02AB30	Gramicidin D	RESPIRATORY SYSTEM	R
B01AD03	Anistreplase	BLOOD AND BLOOD FORMING ORGANS	B
A10AC01	Insulin Human	ALIMENTARY TRACT AND METABOLISM	A
A10AB01	Insulin Human	ALIMENTARY TRACT AND METABOLISM	A
A10AF01	Insulin Human	ALIMENTARY TRACT AND METABOLISM	A
A10AE01	Insulin Human	ALIMENTARY TRACT AND METABOLISM	A
A10AD01	Insulin Human	ALIMENTARY TRACT AND METABOLISM	A
B01AD11	Tenecteplase	BLOOD AND BLOOD FORMING ORGANS	B
G03GA02	Menotropins	GENITO URINARY SYSTEM AND SEX HORMONES	G
L03AB04	Interferon Alfa-2a, Recombinant	ANTINEOPLASTIC AND IMMUNOMODULATING AGENTS	L
H01BA02	Desmopressin	SYSTEMIC HORMONAL PREPARATIONS, EXCL. SEX HORMONES AND INSULINS	H
B02BD08	Coagulation factor VIIa Recombinant Human	BLOOD AND BLOOD FORMING ORGANS	B
L03AC02	Oprelvekin	ANTINEOPLASTIC AND IMMUNOMODULATING AGENTS	L
V03AF08	Palifermin	VARIOUS	V
H04AA01	Glucagon recombinant	SYSTEMIC HORMONAL PREPARATIONS, EXCL. SEX HORMONES AND INSULINS	H
L03AC01	Aldesleukin	ANTINEOPLASTIC AND IMMUNOMODULATING AGENTS	L
M03AX01	Botulinum Toxin Type B	MUSCULO-SKELETAL SYSTEM	M
R03DX05	Omalizumab	RESPIRATORY SYSTEM	R
G03GA07	Lutropin alfa	GENITO URINARY SYSTEM AND SEX HORMONES	G
A10AC04	Insulin Lispro	ALIMENTARY TRACT AND METABOLISM	A
A10AD04	Insulin Lispro	ALIMENTARY TRACT AND METABOLISM	A
A10AB04	Insulin Lispro	ALIMENTARY TRACT AND METABOLISM	A
A10AE04	Insulin Glargine	ALIMENTARY TRACT AND METABOLISM	A
M09AB02	Collagenase clostridium histolyticum	MUSCULO-SKELETAL SYSTEM	M
D03BA52	Collagenase clostridium histolyticum	DERMATOLOGICALS	D
D03BA02	Collagenase clostridium histolyticum	DERMATOLOGICALS	D
V03AF07	Rasburicase	VARIOUS	V
M04AX01	Rasburicase	MUSCULO-SKELETAL SYSTEM	M
H01CC02	Cetrorelix	SYSTEMIC HORMONAL PREPARATIONS, EXCL. SEX HORMONES AND INSULINS	H
L04AB04	Adalimumab	ANTINEOPLASTIC AND IMMUNOMODULATING AGENTS	L
H01AC01	Somatotropin	SYSTEMIC HORMONAL PREPARATIONS, EXCL. SEX HORMONES AND INSULINS	H
A16AB02	Imiglucerase	ALIMENTARY TRACT AND METABOLISM	A
B01AC13	Abciximab	BLOOD AND BLOOD FORMING ORGANS	B
B01AD10	Drotrecogin alfa	BLOOD AND BLOOD FORMING ORGANS	B
L01XC05	Gemtuzumab ozogamicin	ANTINEOPLASTIC AND IMMUNOMODULATING AGENTS	L
V09IB02	Indium In-111 satumomab pendetide	VARIOUS	V
B02AB02	Alpha-1-proteinase inhibitor	BLOOD AND BLOOD FORMING ORGANS	B
L01XX24	Pegaspargase	ANTINEOPLASTIC AND IMMUNOMODULATING AGENTS	L
L03AB07	Interferon beta-1a	ANTINEOPLASTIC AND IMMUNOMODULATING AGENTS	L
V08DA01	Human Serum Albumin	VARIOUS	V
B01AC16	Eptifibatide	BLOOD AND BLOOD FORMING ORGANS	B
L04AB02	Infliximab	ANTINEOPLASTIC AND IMMUNOMODULATING AGENTS	L
G03GA05	Follitropin	GENITO URINARY SYSTEM AND SEX HORMONES	G
G03GA06	Follitropin	GENITO URINARY SYSTEM AND SEX HORMONES	G
H01BA06	Vasopressin	SYSTEMIC HORMONAL PREPARATIONS, EXCL. SEX HORMONES AND INSULINS	H
H01BA03	Vasopressin	SYSTEMIC HORMONAL PREPARATIONS, EXCL. SEX HORMONES AND INSULINS	H
H01BA01	Vasopressin	SYSTEMIC HORMONAL PREPARATIONS, EXCL. SEX HORMONES AND INSULINS	H
L03AB08	Interferon beta-1b	ANTINEOPLASTIC AND IMMUNOMODULATING AGENTS	L
L03AB09	Interferon alfacon-1	ANTINEOPLASTIC AND IMMUNOMODULATING AGENTS	L
B06AA03	Hyaluronidase	BLOOD AND BLOOD FORMING ORGANS	B
A10AC03	Insulin Pork	ALIMENTARY TRACT AND METABOLISM	A
A10AB03	Insulin Pork	ALIMENTARY TRACT AND METABOLISM	A
A10AD03	Insulin Pork	ALIMENTARY TRACT AND METABOLISM	A
A10AE03	Insulin Pork	ALIMENTARY TRACT AND METABOLISM	A
L01XC03	Trastuzumab	ANTINEOPLASTIC AND IMMUNOMODULATING AGENTS	L
L01XC02	Rituximab	ANTINEOPLASTIC AND IMMUNOMODULATING AGENTS	L
L04AC02	Basiliximab	ANTINEOPLASTIC AND IMMUNOMODULATING AGENTS	L
L04AA02	Muromonab	ANTINEOPLASTIC AND IMMUNOMODULATING AGENTS	L
V03AB24	Digoxin Immune Fab (Ovine)	VARIOUS	V
V10XX02	Ibritumomab tiuxetan	VARIOUS	V
J01XX09	Daptomycin	ANTIINFECTIVES FOR SYSTEMIC USE	J
V10XA53	Tositumomab	VARIOUS	V
H01AX01	Pegvisomant	SYSTEMIC HORMONAL PREPARATIONS, EXCL. SEX HORMONES AND INSULINS	H
M03AX01	Botulinum Toxin Type A	MUSCULO-SKELETAL SYSTEM	M
A09AA02	Pancrelipase	ALIMENTARY TRACT AND METABOLISM	A
B01AD01	Streptokinase	BLOOD AND BLOOD FORMING ORGANS	B
B06AA55	Streptokinase	BLOOD AND BLOOD FORMING ORGANS	B
L04AA34	Alemtuzumab	ANTINEOPLASTIC AND IMMUNOMODULATING AGENTS	L
A16AB01	Alglucerase	ALIMENTARY TRACT AND METABOLISM	A
V09IB04	Capromab pendetide	VARIOUS	V
A16AB05	Laronidase	ALIMENTARY TRACT AND METABOLISM	A
S01XA18	Cyclosporine	SENSORY ORGANS	S
L04AD01	Cyclosporine	ANTINEOPLASTIC AND IMMUNOMODULATING AGENTS	L
L04AA15	Alefacept	ANTINEOPLASTIC AND IMMUNOMODULATING AGENTS	L
G03GA04	Urofollitropin	GENITO URINARY SYSTEM AND SEX HORMONES	G
L04AA21	Efalizumab	ANTINEOPLASTIC AND IMMUNOMODULATING AGENTS	L
G03GA08	Choriogonadotropin alfa	GENITO URINARY SYSTEM AND SEX HORMONES	G
L04AA04	Antithymocyte immunoglobulin (rabbit)	ANTINEOPLASTIC AND IMMUNOMODULATING AGENTS	L
L03AA02	Filgrastim	ANTINEOPLASTIC AND IMMUNOMODULATING AGENTS	L
B02BD09	Coagulation Factor IX (Recombinant)	BLOOD AND BLOOD FORMING ORGANS	B
A01AD08	Becaplermin	ALIMENTARY TRACT AND METABOLISM	A
D03AX06	Becaplermin	DERMATOLOGICALS	D
A16AB04	Agalsidase beta	ALIMENTARY TRACT AND METABOLISM	A
A16AB03	Agalsidase beta	ALIMENTARY TRACT AND METABOLISM	A
H01CB02	Octreotide	SYSTEMIC HORMONAL PREPARATIONS, EXCL. SEX HORMONES AND INSULINS	H
L03AB05	Interferon Alfa-2b, Recombinant	ANTINEOPLASTIC AND IMMUNOMODULATING AGENTS	L
L02BX01	Abarelix	ANTINEOPLASTIC AND IMMUNOMODULATING AGENTS	L
H01BB02	Oxytocin	SYSTEMIC HORMONAL PREPARATIONS, EXCL. SEX HORMONES AND INSULINS	H
G02AC01	Oxytocin	GENITO URINARY SYSTEM AND SEX HORMONES	G
L04AA23	Natalizumab	ANTINEOPLASTIC AND IMMUNOMODULATING AGENTS	L
J05AX07	Enfuvirtide	ANTIINFECTIVES FOR SYSTEMIC USE	J
J06BB16	Palivizumab	ANTIINFECTIVES FOR SYSTEMIC USE	J
L04AC01	Daclizumab	ANTINEOPLASTIC AND IMMUNOMODULATING AGENTS	L
L01XC07	Bevacizumab	ANTINEOPLASTIC AND IMMUNOMODULATING AGENTS	L
V09IA06	Technetium Tc-99m arcitumomab	VARIOUS	V
A11HA06	Pyridoxal Phosphate	ALIMENTARY TRACT AND METABOLISM	A
B03AE01	Cyanocobalamin	BLOOD AND BLOOD FORMING ORGANS	B
B03BA51	Cyanocobalamin	BLOOD AND BLOOD FORMING ORGANS	B
B03BA01	Cyanocobalamin	BLOOD AND BLOOD FORMING ORGANS	B
A16AA02	Ademetionine	ALIMENTARY TRACT AND METABOLISM	A
A11HA05	Biotin	ALIMENTARY TRACT AND METABOLISM	A
B05XB03	L-Lysine	BLOOD AND BLOOD FORMING ORGANS	B
B05XB01	L-Arginine	BLOOD AND BLOOD FORMING ORGANS	B
A11GB01	Vitamin C	ALIMENTARY TRACT AND METABOLISM	A
A11GA01	Vitamin C	ALIMENTARY TRACT AND METABOLISM	A
S01XA15	Vitamin C	SENSORY ORGANS	S
G01AD03	Vitamin C	GENITO URINARY SYSTEM AND SEX HORMONES	G
A16AA03	L-Glutamine	ALIMENTARY TRACT AND METABOLISM	A
V03AB26	Methionine	VARIOUS	V
A11CC04	Calcitriol	ALIMENTARY TRACT AND METABOLISM	A
D05AX03	Calcitriol	DERMATOLOGICALS	D
A11HA04	Riboflavin	ALIMENTARY TRACT AND METABOLISM	A
A09AB01	Glutamic Acid	ALIMENTARY TRACT AND METABOLISM	A
V03AB32	Glutathione	VARIOUS	V
B05CX03	Glycine	BLOOD AND BLOOD FORMING ORGANS	B
A11CC06	Calcidiol	ALIMENTARY TRACT AND METABOLISM	A
N06AX02	L-Tryptophan	NERVOUS SYSTEM	N
A11DA01	Thiamine	ALIMENTARY TRACT AND METABOLISM	A
A11CC01	Ergocalciferol	ALIMENTARY TRACT AND METABOLISM	A
B03AE01	Folic Acid	BLOOD AND BLOOD FORMING ORGANS	B
B03AE02	Folic Acid	BLOOD AND BLOOD FORMING ORGANS	B
B03BB51	Folic Acid	BLOOD AND BLOOD FORMING ORGANS	B
B03BB01	Folic Acid	BLOOD AND BLOOD FORMING ORGANS	B
R01AX02	Vitamin A	RESPIRATORY SYSTEM	R
A11CA01	Vitamin A	ALIMENTARY TRACT AND METABOLISM	A
D10AD02	Vitamin A	DERMATOLOGICALS	D
V04CB01	Vitamin A	VARIOUS	V
S01XA02	Vitamin A	SENSORY ORGANS	S
A11HA02	Pyridoxine	ALIMENTARY TRACT AND METABOLISM	A
A16AX01	Lipoic Acid	ALIMENTARY TRACT AND METABOLISM	A
M05BB08	Cholecalciferol	MUSCULO-SKELETAL SYSTEM	M
M05BB04	Cholecalciferol	MUSCULO-SKELETAL SYSTEM	M
A11CC05	Cholecalciferol	ALIMENTARY TRACT AND METABOLISM	A
M05BB03	Cholecalciferol	MUSCULO-SKELETAL SYSTEM	M
M05BB05	Cholecalciferol	MUSCULO-SKELETAL SYSTEM	M
M05BX53	Cholecalciferol	MUSCULO-SKELETAL SYSTEM	M
M05BB07	Cholecalciferol	MUSCULO-SKELETAL SYSTEM	M
B02BA02	Menadione	BLOOD AND BLOOD FORMING ORGANS	B
C10AA03	Pravastatin	CARDIOVASCULAR SYSTEM	C
C10BX02	Pravastatin	CARDIOVASCULAR SYSTEM	C
C10BA03	Pravastatin	CARDIOVASCULAR SYSTEM	C
N06AB08	Fluvoxamine	NERVOUS SYSTEM	N
C09DX02	Valsartan	CARDIOVASCULAR SYSTEM	C
C09DB08	Valsartan	CARDIOVASCULAR SYSTEM	C
C10BX10	Valsartan	CARDIOVASCULAR SYSTEM	C
C09DX01	Valsartan	CARDIOVASCULAR SYSTEM	C
C09DB01	Valsartan	CARDIOVASCULAR SYSTEM	C
C09DA03	Valsartan	CARDIOVASCULAR SYSTEM	C
C09CA03	Valsartan	CARDIOVASCULAR SYSTEM	C
C09DX04	Valsartan	CARDIOVASCULAR SYSTEM	C
C10BX04	Ramipril	CARDIOVASCULAR SYSTEM	C
C09AA05	Ramipril	CARDIOVASCULAR SYSTEM	C
C10BX06	Ramipril	CARDIOVASCULAR SYSTEM	C
C09BA05	Ramipril	CARDIOVASCULAR SYSTEM	C
C09BB07	Ramipril	CARDIOVASCULAR SYSTEM	C
C09BB05	Ramipril	CARDIOVASCULAR SYSTEM	C
L01XX10	Masoprocol	ANTINEOPLASTIC AND IMMUNOMODULATING AGENTS	L
R01AD04	Flunisolide	RESPIRATORY SYSTEM	R
R03BA03	Flunisolide	RESPIRATORY SYSTEM	R
M03BX01	Baclofen	MUSCULO-SKELETAL SYSTEM	M
N06BA01	Amphetamine	NERVOUS SYSTEM	N
V04CG04	Pentagastrin	VARIOUS	V
N07BA01	Nicotine	NERVOUS SYSTEM	N
N07AX03	Cevimeline	NERVOUS SYSTEM	N
N05BA06	Lorazepam	NERVOUS SYSTEM	N
N05BA56	Lorazepam	NERVOUS SYSTEM	N
C07AB09	Esmolol	CARDIOVASCULAR SYSTEM	C
L01XX32	Bortezomib	ANTINEOPLASTIC AND IMMUNOMODULATING AGENTS	L
N05CM08	Ethchlorvynol	NERVOUS SYSTEM	N
A08AA01	Phentermine	ALIMENTARY TRACT AND METABOLISM	A
N02AX52	Tramadol	NERVOUS SYSTEM	N
N02AX02	Tramadol	NERVOUS SYSTEM	N
J05AB03	Vidarabine	ANTIINFECTIVES FOR SYSTEMIC USE	J
S01AD06	Vidarabine	SENSORY ORGANS	S
C07AB05	Betaxolol	CARDIOVASCULAR SYSTEM	C
S01ED52	Betaxolol	SENSORY ORGANS	S
S01ED02	Betaxolol	SENSORY ORGANS	S
J02AC01	Fluconazole	ANTIINFECTIVES FOR SYSTEMIC USE	J
D01AC15	Fluconazole	DERMATOLOGICALS	D
J01RA07	Fluconazole	ANTIINFECTIVES FOR SYSTEMIC USE	J
A10BG01	Troglitazone	ALIMENTARY TRACT AND METABOLISM	A
J05AH02	Oseltamivir	ANTIINFECTIVES FOR SYSTEMIC USE	J
D10AF52	Erythromycin	DERMATOLOGICALS	D
J01FA01	Erythromycin	ANTIINFECTIVES FOR SYSTEMIC USE	J
D10AF02	Erythromycin	DERMATOLOGICALS	D
S01AA17	Erythromycin	SENSORY ORGANS	S
V03AB33	Hydroxocobalamin	VARIOUS	V
B03BA03	Hydroxocobalamin	BLOOD AND BLOOD FORMING ORGANS	B
B03BA53	Hydroxocobalamin	BLOOD AND BLOOD FORMING ORGANS	B
V04CG30	Caffeine	VARIOUS	V
R03DA20	Caffeine	RESPIRATORY SYSTEM	R
N06BC01	Caffeine	NERVOUS SYSTEM	N
M03AB01	Succinylcholine	MUSCULO-SKELETAL SYSTEM	M
G04BE03	Sildenafil	GENITO URINARY SYSTEM AND SEX HORMONES	G
G01AE10	Sildenafil	GENITO URINARY SYSTEM AND SEX HORMONES	G
C01BD04	Dofetilide	CARDIOVASCULAR SYSTEM	C
P01BF04	Pyrimethamine	ANTIPARASITIC PRODUCTS, INSECTICIDES AND REPELLENTS	P
P01BD01	Pyrimethamine	ANTIPARASITIC PRODUCTS, INSECTICIDES AND REPELLENTS	P
P01BD51	Pyrimethamine	ANTIPARASITIC PRODUCTS, INSECTICIDES AND REPELLENTS	P
C02LA51	Reserpine	CARDIOVASCULAR SYSTEM	C
C02AA52	Reserpine	CARDIOVASCULAR SYSTEM	C
C02LA71	Reserpine	CARDIOVASCULAR SYSTEM	C
C02LA01	Reserpine	CARDIOVASCULAR SYSTEM	C
C02AA02	Reserpine	CARDIOVASCULAR SYSTEM	C
J01FA10	Azithromycin	ANTIINFECTIVES FOR SYSTEMIC USE	J
S01AA26	Azithromycin	SENSORY ORGANS	S
J01RA07	Azithromycin	ANTIINFECTIVES FOR SYSTEMIC USE	J
B01AC05	Ticlopidine	BLOOD AND BLOOD FORMING ORGANS	B
A03DA06	Trospium	ALIMENTARY TRACT AND METABOLISM	A
G04BD09	Trospium	GENITO URINARY SYSTEM AND SEX HORMONES	G
D10AD53	Adapalene	DERMATOLOGICALS	D
D10AD03	Adapalene	DERMATOLOGICALS	D
C01CA17	Midodrine	CARDIOVASCULAR SYSTEM	C
C09XA01	Remikiren	CARDIOVASCULAR SYSTEM	C
A02BC02	Pantoprazole	ALIMENTARY TRACT AND METABOLISM	A
A02BD04	Pantoprazole	ALIMENTARY TRACT AND METABOLISM	A
A02BD11	Pantoprazole	ALIMENTARY TRACT AND METABOLISM	A
C03CA04	Torasemide	CARDIOVASCULAR SYSTEM	C
N06AB04	Citalopram	NERVOUS SYSTEM	N
N02CC06	Eletriptan	NERVOUS SYSTEM	N
C02CC01	Bethanidine	CARDIOVASCULAR SYSTEM	C
J01MA14	Moxifloxacin	ANTIINFECTIVES FOR SYSTEMIC USE	J
S01AE07	Moxifloxacin	SENSORY ORGANS	S
A03AB53	Oxyphenonium	ALIMENTARY TRACT AND METABOLISM	A
A03AB03	Oxyphenonium	ALIMENTARY TRACT AND METABOLISM	A
J05AE04	Nelfinavir	ANTIINFECTIVES FOR SYSTEMIC USE	J
R03AC07	Isoetarine	RESPIRATORY SYSTEM	R
R03CC06	Isoetarine	RESPIRATORY SYSTEM	R
A10BB12	Glimepiride	ALIMENTARY TRACT AND METABOLISM	A
A10BD06	Glimepiride	ALIMENTARY TRACT AND METABOLISM	A
A10BD04	Glimepiride	ALIMENTARY TRACT AND METABOLISM	A
D07AC10	Diflorasone	DERMATOLOGICALS	D
J05AE02	Indinavir	ANTIINFECTIVES FOR SYSTEMIC USE	J
V08CA03	Gadodiamide	VARIOUS	V
C10BA01	Lovastatin	CARDIOVASCULAR SYSTEM	C
C10AA02	Lovastatin	CARDIOVASCULAR SYSTEM	C
N01AB04	Enflurane	NERVOUS SYSTEM	N
J01DC07	Cefotiam	ANTIINFECTIVES FOR SYSTEMIC USE	J
N03AX16	Pregabalin	NERVOUS SYSTEM	N
N05CD07	Temazepam	NERVOUS SYSTEM	N
C03AA08	Methyclothiazide	CARDIOVASCULAR SYSTEM	C
C03AB08	Methyclothiazide	CARDIOVASCULAR SYSTEM	C
G01AE10	Methyclothiazide	GENITO URINARY SYSTEM AND SEX HORMONES	G
J04AA02	Aminosalicylic Acid	ANTIINFECTIVES FOR SYSTEMIC USE	J
J04AA01	Aminosalicylic Acid	ANTIINFECTIVES FOR SYSTEMIC USE	J
J04AA03	Aminosalicylic Acid	ANTIINFECTIVES FOR SYSTEMIC USE	J
N06AX18	Reboxetine	NERVOUS SYSTEM	N
C01CE02	Milrinone	CARDIOVASCULAR SYSTEM	C
L01AX02	Pipobroman	ANTINEOPLASTIC AND IMMUNOMODULATING AGENTS	L
J05AG01	Nevirapine	ANTIINFECTIVES FOR SYSTEMIC USE	J
J05AR05	Nevirapine	ANTIINFECTIVES FOR SYSTEMIC USE	J
J05AR07	Nevirapine	ANTIINFECTIVES FOR SYSTEMIC USE	J
D01AC11	Oxiconazole	DERMATOLOGICALS	D
G01AF17	Oxiconazole	GENITO URINARY SYSTEM AND SEX HORMONES	G
G01AF20	Oxiconazole	GENITO URINARY SYSTEM AND SEX HORMONES	G
S01BA10	Alclometasone	SENSORY ORGANS	S
D07AB10	Alclometasone	DERMATOLOGICALS	D
L01BB04	Cladribine	ANTINEOPLASTIC AND IMMUNOMODULATING AGENTS	L
C01EB18	Ranolazine	CARDIOVASCULAR SYSTEM	C
A07EC02	Mesalazine	ALIMENTARY TRACT AND METABOLISM	A
N04AC01	Benzatropine	NERVOUS SYSTEM	N
N05AE04	Ziprasidone	NERVOUS SYSTEM	N
N02CA04	Methysergide	NERVOUS SYSTEM	N
N04BC06	Cabergoline	NERVOUS SYSTEM	N
G02CB03	Cabergoline	GENITO URINARY SYSTEM AND SEX HORMONES	G
J05AB02	Idoxuridine	ANTIINFECTIVES FOR SYSTEMIC USE	J
S01AD01	Idoxuridine	SENSORY ORGANS	S
D06BB01	Idoxuridine	DERMATOLOGICALS	D
D10AX05	Dapsone	DERMATOLOGICALS	D
J04BA02	Dapsone	ANTIINFECTIVES FOR SYSTEMIC USE	J
G01AG02	Terconazole	GENITO URINARY SYSTEM AND SEX HORMONES	G
N03AB02	Phenytoin	NERVOUS SYSTEM	N
N03AB52	Phenytoin	NERVOUS SYSTEM	N
S01BA08	Medrysone	SENSORY ORGANS	S
A01AB22	Doxycycline	ALIMENTARY TRACT AND METABOLISM	A
J01AA20	Doxycycline	ANTIINFECTIVES FOR SYSTEMIC USE	J
J01AA02	Doxycycline	ANTIINFECTIVES FOR SYSTEMIC USE	J
L02AA01	Diethylstilbestrol	ANTINEOPLASTIC AND IMMUNOMODULATING AGENTS	L
G03CC05	Diethylstilbestrol	GENITO URINARY SYSTEM AND SEX HORMONES	G
G03CB02	Diethylstilbestrol	GENITO URINARY SYSTEM AND SEX HORMONES	G
L02AA04	Diethylstilbestrol	ANTINEOPLASTIC AND IMMUNOMODULATING AGENTS	L
J01AA04	Lymecycline	ANTIINFECTIVES FOR SYSTEMIC USE	J
J01AA20	Lymecycline	ANTIINFECTIVES FOR SYSTEMIC USE	J
D01AC01	Clotrimazole	DERMATOLOGICALS	D
G01AF02	Clotrimazole	GENITO URINARY SYSTEM AND SEX HORMONES	G
G01AF20	Clotrimazole	GENITO URINARY SYSTEM AND SEX HORMONES	G
A01AB18	Clotrimazole	ALIMENTARY TRACT AND METABOLISM	A
A11GB01	Calcium Acetate	ALIMENTARY TRACT AND METABOLISM	A
V03AE04	Calcium Acetate	VARIOUS	V
V03AE07	Calcium Acetate	VARIOUS	V
J01EB06	Sulfanilamide	ANTIINFECTIVES FOR SYSTEMIC USE	J
D06BA05	Sulfanilamide	DERMATOLOGICALS	D
G01AE10	Sulfanilamide	GENITO URINARY SYSTEM AND SEX HORMONES	G
J04AB01	Cycloserine	ANTIINFECTIVES FOR SYSTEMIC USE	J
L01XX35	Anagrelide	ANTINEOPLASTIC AND IMMUNOMODULATING AGENTS	L
L01AD01	Carmustine	ANTINEOPLASTIC AND IMMUNOMODULATING AGENTS	L
J01EB05	Sulfisoxazole	ANTIINFECTIVES FOR SYSTEMIC USE	J
S01AB02	Sulfisoxazole	SENSORY ORGANS	S
G01AE10	Sulfisoxazole	GENITO URINARY SYSTEM AND SEX HORMONES	G
C07BB02	Metoprolol	CARDIOVASCULAR SYSTEM	C
C07AB02	Metoprolol	CARDIOVASCULAR SYSTEM	C
C07BB52	Metoprolol	CARDIOVASCULAR SYSTEM	C
C07AB52	Metoprolol	CARDIOVASCULAR SYSTEM	C
C07CB02	Metoprolol	CARDIOVASCULAR SYSTEM	C
C07FB02	Metoprolol	CARDIOVASCULAR SYSTEM	C
B01AA01	Dicoumarol	BLOOD AND BLOOD FORMING ORGANS	B
J01DD05	Cefmenoxime	ANTIINFECTIVES FOR SYSTEMIC USE	J
N04BC04	Ropinirole	NERVOUS SYSTEM	N
G03CA06	Chlorotrianisene	GENITO URINARY SYSTEM AND SEX HORMONES	G
C08CA03	Isradipine	CARDIOVASCULAR SYSTEM	C
V08AA01	Diatrizoate	VARIOUS	V
V04CG02	Betazole	VARIOUS	V
N03AX11	Topiramate	NERVOUS SYSTEM	N
J01DC09	Cefmetazole	ANTIINFECTIVES FOR SYSTEMIC USE	J
C09DA08	Olmesartan	CARDIOVASCULAR SYSTEM	C
C09DX03	Olmesartan	CARDIOVASCULAR SYSTEM	C
C09CA08	Olmesartan	CARDIOVASCULAR SYSTEM	C
C09DB02	Olmesartan	CARDIOVASCULAR SYSTEM	C
L01XX01	Amsacrine	ANTINEOPLASTIC AND IMMUNOMODULATING AGENTS	L
R03DA54	Theophylline	RESPIRATORY SYSTEM	R
R03DA74	Theophylline	RESPIRATORY SYSTEM	R
R03DA20	Theophylline	RESPIRATORY SYSTEM	R
R03DB04	Theophylline	RESPIRATORY SYSTEM	R
R03DA04	Theophylline	RESPIRATORY SYSTEM	R
B01AE03	Argatroban	BLOOD AND BLOOD FORMING ORGANS	B
H03AA02	Liothyronine	SYSTEMIC HORMONAL PREPARATIONS, EXCL. SEX HORMONES AND INSULINS	H
H03AA03	Liothyronine	SYSTEMIC HORMONAL PREPARATIONS, EXCL. SEX HORMONES AND INSULINS	H
C01BA03	Disopyramide	CARDIOVASCULAR SYSTEM	C
C01BB01	Lidocaine	CARDIOVASCULAR SYSTEM	C
N01BB02	Lidocaine	NERVOUS SYSTEM	N
D04AB01	Lidocaine	DERMATOLOGICALS	D
R02AD02	Lidocaine	RESPIRATORY SYSTEM	R
S02DA01	Lidocaine	SENSORY ORGANS	S
S01HA07	Lidocaine	SENSORY ORGANS	S
C05AD01	Lidocaine	CARDIOVASCULAR SYSTEM	C
N01BB52	Lidocaine	NERVOUS SYSTEM	N
M05BA03	Pamidronate	MUSCULO-SKELETAL SYSTEM	M
D04AA14	Clemastine	DERMATOLOGICALS	D
R06AA04	Clemastine	RESPIRATORY SYSTEM	R
R06AA54	Clemastine	RESPIRATORY SYSTEM	R
A10BF01	Acarbose	ALIMENTARY TRACT AND METABOLISM	A
A10BD17	Acarbose	ALIMENTARY TRACT AND METABOLISM	A
N06AX16	Venlafaxine	NERVOUS SYSTEM	N
G03CC07	Conjugated estrogens	GENITO URINARY SYSTEM AND SEX HORMONES	G
G03CA57	Conjugated estrogens	GENITO URINARY SYSTEM AND SEX HORMONES	G
S01EE04	Travoprost	SENSORY ORGANS	S
D07AC11	Amcinonide	DERMATOLOGICALS	D
N06BA09	Atomoxetine	NERVOUS SYSTEM	N
L01DC01	Bleomycin	ANTINEOPLASTIC AND IMMUNOMODULATING AGENTS	L
L01AA02	Chlorambucil	ANTINEOPLASTIC AND IMMUNOMODULATING AGENTS	L
N01AX07	Etomidate	NERVOUS SYSTEM	N
L01BA03	Raltitrexed	ANTINEOPLASTIC AND IMMUNOMODULATING AGENTS	L
G03AC08	Etonogestrel	GENITO URINARY SYSTEM AND SEX HORMONES	G
N02AA01	Morphine	NERVOUS SYSTEM	N
A07DA52	Morphine	ALIMENTARY TRACT AND METABOLISM	A
N02AA51	Morphine	NERVOUS SYSTEM	N
N02AG01	Morphine	NERVOUS SYSTEM	N
N01BB09	Ropivacaine	NERVOUS SYSTEM	N
N01BB01	Bupivacaine	NERVOUS SYSTEM	N
N01BB51	Bupivacaine	NERVOUS SYSTEM	N
S01EX02	Dapiprazole	SENSORY ORGANS	S
D06BB06	Penciclovir	DERMATOLOGICALS	D
R03DA20	Penciclovir	RESPIRATORY SYSTEM	R
J05AB13	Penciclovir	ANTIINFECTIVES FOR SYSTEMIC USE	J
J05AR03	Tenofovir disoproxil	ANTIINFECTIVES FOR SYSTEMIC USE	J
J05AR12	Tenofovir disoproxil	ANTIINFECTIVES FOR SYSTEMIC USE	J
J05AR06	Tenofovir disoproxil	ANTIINFECTIVES FOR SYSTEMIC USE	J
J05AR08	Tenofovir disoproxil	ANTIINFECTIVES FOR SYSTEMIC USE	J
J05AR09	Tenofovir disoproxil	ANTIINFECTIVES FOR SYSTEMIC USE	J
J05AF07	Tenofovir disoproxil	ANTIINFECTIVES FOR SYSTEMIC USE	J
J05AR11	Tenofovir disoproxil	ANTIINFECTIVES FOR SYSTEMIC USE	J
J01CR50	Flucloxacillin	ANTIINFECTIVES FOR SYSTEMIC USE	J
J01CF05	Flucloxacillin	ANTIINFECTIVES FOR SYSTEMIC USE	J
B02AA02	Tranexamic Acid	BLOOD AND BLOOD FORMING ORGANS	B
J01DH03	Ertapenem	ANTIINFECTIVES FOR SYSTEMIC USE	J
G03AC09	Desogestrel	GENITO URINARY SYSTEM AND SEX HORMONES	G
G03AB05	Desogestrel	GENITO URINARY SYSTEM AND SEX HORMONES	G
G03AA09	Desogestrel	GENITO URINARY SYSTEM AND SEX HORMONES	G
G03FB10	Desogestrel	GENITO URINARY SYSTEM AND SEX HORMONES	G
L01DC03	Mitomycin	ANTINEOPLASTIC AND IMMUNOMODULATING AGENTS	L
N05CA07	Talbutal	NERVOUS SYSTEM	N
L01XX25	Bexarotene	ANTINEOPLASTIC AND IMMUNOMODULATING AGENTS	L
C01BD05	Ibutilide	CARDIOVASCULAR SYSTEM	C
L01CA03	Vindesine	ANTINEOPLASTIC AND IMMUNOMODULATING AGENTS	L
C03BA04	Chlorthalidone	CARDIOVASCULAR SYSTEM	C
C03BB04	Chlorthalidone	CARDIOVASCULAR SYSTEM	C
C03EA06	Chlorthalidone	CARDIOVASCULAR SYSTEM	C
G01AE10	Chlorthalidone	GENITO URINARY SYSTEM AND SEX HORMONES	G
N05CA01	Pentobarbital	NERVOUS SYSTEM	N
N05CB01	Pentobarbital	NERVOUS SYSTEM	N
N03AG01	Valproic Acid	NERVOUS SYSTEM	N
J04AB30	Capreomycin	ANTIINFECTIVES FOR SYSTEMIC USE	J
N02CC03	Zolmitriptan	NERVOUS SYSTEM	N
N02BE01	Acetaminophen	NERVOUS SYSTEM	N
N02BE51	Acetaminophen	NERVOUS SYSTEM	N
N02BE71	Acetaminophen	NERVOUS SYSTEM	N
L01XE02	Gefitinib	ANTINEOPLASTIC AND IMMUNOMODULATING AGENTS	L
N02AA79	Codeine	NERVOUS SYSTEM	N
N02AA59	Codeine	NERVOUS SYSTEM	N
R05DA04	Codeine	RESPIRATORY SYSTEM	R
J01CA12	Piperacillin	ANTIINFECTIVES FOR SYSTEMIC USE	J
J01CR50	Piperacillin	ANTIINFECTIVES FOR SYSTEMIC USE	J
J01CR05	Piperacillin	ANTIINFECTIVES FOR SYSTEMIC USE	J
N02CA01	Dihydroergotamine	NERVOUS SYSTEM	N
N02CA51	Dihydroergotamine	NERVOUS SYSTEM	N
N06CA01	Amitriptyline	NERVOUS SYSTEM	N
N06AA09	Amitriptyline	NERVOUS SYSTEM	N
N04BX01	Tolcapone	NERVOUS SYSTEM	N
D10AA01	Fluorometholone	DERMATOLOGICALS	D
C05AA06	Fluorometholone	CARDIOVASCULAR SYSTEM	C
S01BA07	Fluorometholone	SENSORY ORGANS	S
D07XB04	Fluorometholone	DERMATOLOGICALS	D
S01CB05	Fluorometholone	SENSORY ORGANS	S
D07AB06	Fluorometholone	DERMATOLOGICALS	D
S01BB03	Fluorometholone	SENSORY ORGANS	S
D07CB03	Fluorometholone	DERMATOLOGICALS	D
S01CA07	Fluorometholone	SENSORY ORGANS	S
C02DD01	Nitroprusside	CARDIOVASCULAR SYSTEM	C
A12AA10	Calcium Gluceptate	ALIMENTARY TRACT AND METABOLISM	A
N02AG04	Hydromorphone	NERVOUS SYSTEM	N
N02AA03	Hydromorphone	NERVOUS SYSTEM	N
S01CC02	Indomethacin	SENSORY ORGANS	S
M02AA23	Indomethacin	MUSCULO-SKELETAL SYSTEM	M
M01AB01	Indomethacin	MUSCULO-SKELETAL SYSTEM	M
M01AB51	Indomethacin	MUSCULO-SKELETAL SYSTEM	M
S01BC01	Indomethacin	SENSORY ORGANS	S
C01EB03	Indomethacin	CARDIOVASCULAR SYSTEM	C
J04AM06	Ethambutol	ANTIINFECTIVES FOR SYSTEMIC USE	J
J04AK02	Ethambutol	ANTIINFECTIVES FOR SYSTEMIC USE	J
J04AM03	Ethambutol	ANTIINFECTIVES FOR SYSTEMIC USE	J
A10BA02	Metformin	ALIMENTARY TRACT AND METABOLISM	A
A10BD13	Metformin	ALIMENTARY TRACT AND METABOLISM	A
A10BD18	Metformin	ALIMENTARY TRACT AND METABOLISM	A
A10BD02	Metformin	ALIMENTARY TRACT AND METABOLISM	A
A10BD03	Metformin	ALIMENTARY TRACT AND METABOLISM	A
A10BD10	Metformin	ALIMENTARY TRACT AND METABOLISM	A
A10BD16	Metformin	ALIMENTARY TRACT AND METABOLISM	A
A10BD14	Metformin	ALIMENTARY TRACT AND METABOLISM	A
A10BD15	Metformin	ALIMENTARY TRACT AND METABOLISM	A
A10BD08	Metformin	ALIMENTARY TRACT AND METABOLISM	A
A10BD05	Metformin	ALIMENTARY TRACT AND METABOLISM	A
A10BD17	Metformin	ALIMENTARY TRACT AND METABOLISM	A
A10BD07	Metformin	ALIMENTARY TRACT AND METABOLISM	A
A10BD20	Metformin	ALIMENTARY TRACT AND METABOLISM	A
A10BD11	Metformin	ALIMENTARY TRACT AND METABOLISM	A
R03BB01	Ipratropium	RESPIRATORY SYSTEM	R
R03AL01	Ipratropium	RESPIRATORY SYSTEM	R
R03AL02	Ipratropium	RESPIRATORY SYSTEM	R
R01AX03	Ipratropium	RESPIRATORY SYSTEM	R
N07BC02	Methadone	NERVOUS SYSTEM	N
N02AC52	Methadone	NERVOUS SYSTEM	N
N05AH03	Olanzapine	NERVOUS SYSTEM	N
C07CB03	Atenolol	CARDIOVASCULAR SYSTEM	C
C07DB01	Atenolol	CARDIOVASCULAR SYSTEM	C
C07FB03	Atenolol	CARDIOVASCULAR SYSTEM	C
C07BB03	Atenolol	CARDIOVASCULAR SYSTEM	C
C07CB53	Atenolol	CARDIOVASCULAR SYSTEM	C
C07AB03	Atenolol	CARDIOVASCULAR SYSTEM	C
D08AF01	Nitrofural	DERMATOLOGICALS	D
S01AX04	Nitrofural	SENSORY ORGANS	S
S02AA02	Nitrofural	SENSORY ORGANS	S
B05CA03	Nitrofural	BLOOD AND BLOOD FORMING ORGANS	B
D09AA03	Nitrofural	DERMATOLOGICALS	D
P01CC02	Nitrofural	ANTIPARASITIC PRODUCTS, INSECTICIDES AND REPELLENTS	P
D11AH02	Pimecrolimus	DERMATOLOGICALS	D
A02BC01	Omeprazole	ALIMENTARY TRACT AND METABOLISM	A
A02BD01	Omeprazole	ALIMENTARY TRACT AND METABOLISM	A
A02BD05	Omeprazole	ALIMENTARY TRACT AND METABOLISM	A
J04AM06	Pyrazinamide	ANTIINFECTIVES FOR SYSTEMIC USE	J
J04AM05	Pyrazinamide	ANTIINFECTIVES FOR SYSTEMIC USE	J
J04AK01	Pyrazinamide	ANTIINFECTIVES FOR SYSTEMIC USE	J
N04AA03	Metixene	NERVOUS SYSTEM	N
R06AE07	Cetirizine	RESPIRATORY SYSTEM	R
R06AX12	Terfenadine	RESPIRATORY SYSTEM	R
C05AE03	Diltiazem	CARDIOVASCULAR SYSTEM	C
C08DB01	Diltiazem	CARDIOVASCULAR SYSTEM	C
N06AA11	Protriptyline	NERVOUS SYSTEM	N
V04CH30	Aminohippuric acid	VARIOUS	V
G04CA51	Alfuzosin	GENITO URINARY SYSTEM AND SEX HORMONES	G
G04CA01	Alfuzosin	GENITO URINARY SYSTEM AND SEX HORMONES	G
N03AC02	Trimethadione	NERVOUS SYSTEM	N
A16AX04	Nitisinone	ALIMENTARY TRACT AND METABOLISM	A
N05BA09	Clobazam	NERVOUS SYSTEM	N
D11AX01	Minoxidil	DERMATOLOGICALS	D
C02DC01	Minoxidil	CARDIOVASCULAR SYSTEM	C
L02AB01	Megestrol acetate	ANTINEOPLASTIC AND IMMUNOMODULATING AGENTS	L
G03DB02	Megestrol acetate	GENITO URINARY SYSTEM AND SEX HORMONES	G
G03AA04	Megestrol acetate	GENITO URINARY SYSTEM AND SEX HORMONES	G
G03AC05	Megestrol acetate	GENITO URINARY SYSTEM AND SEX HORMONES	G
G03FA08	Megestrol acetate	GENITO URINARY SYSTEM AND SEX HORMONES	G
G03FB04	Megestrol acetate	GENITO URINARY SYSTEM AND SEX HORMONES	G
G03AB01	Megestrol acetate	GENITO URINARY SYSTEM AND SEX HORMONES	G
L01BB03	Tioguanine	ANTINEOPLASTIC AND IMMUNOMODULATING AGENTS	L
G02AC01	Methylergometrine	GENITO URINARY SYSTEM AND SEX HORMONES	G
G02AB01	Methylergometrine	GENITO URINARY SYSTEM AND SEX HORMONES	G
R06AE51	Buclizine	RESPIRATORY SYSTEM	R
R06AE01	Buclizine	RESPIRATORY SYSTEM	R
J01DF01	Aztreonam	ANTIINFECTIVES FOR SYSTEMIC USE	J
M03BB73	Chlorzoxazone	MUSCULO-SKELETAL SYSTEM	M
M03BB03	Chlorzoxazone	MUSCULO-SKELETAL SYSTEM	M
M03BB53	Chlorzoxazone	MUSCULO-SKELETAL SYSTEM	M
L02BG01	Aminoglutethimide	ANTINEOPLASTIC AND IMMUNOMODULATING AGENTS	L
P01BF02	Mefloquine	ANTIPARASITIC PRODUCTS, INSECTICIDES AND REPELLENTS	P
P01BC02	Mefloquine	ANTIPARASITIC PRODUCTS, INSECTICIDES AND REPELLENTS	P
J01EE06	Sulfadiazine	ANTIINFECTIVES FOR SYSTEMIC USE	J
J01EE02	Sulfadiazine	ANTIINFECTIVES FOR SYSTEMIC USE	J
G01AE10	Sulfadiazine	GENITO URINARY SYSTEM AND SEX HORMONES	G
J01EC02	Sulfadiazine	ANTIINFECTIVES FOR SYSTEMIC USE	J
A16AX07	Sapropterin	ALIMENTARY TRACT AND METABOLISM	A
L01CA04	Vinorelbine	ANTINEOPLASTIC AND IMMUNOMODULATING AGENTS	L
J02AX06	Anidulafungin	ANTIINFECTIVES FOR SYSTEMIC USE	J
N05AH02	Clozapine	NERVOUS SYSTEM	N
A02BX02	Sucralfate	ALIMENTARY TRACT AND METABOLISM	A
J01MA11	Grepafloxacin	ANTIINFECTIVES FOR SYSTEMIC USE	J
R06AA59	Doxylamine	RESPIRATORY SYSTEM	R
R06AA09	Doxylamine	RESPIRATORY SYSTEM	R
G03FA11	Levonorgestrel	GENITO URINARY SYSTEM AND SEX HORMONES	G
G03AC03	Levonorgestrel	GENITO URINARY SYSTEM AND SEX HORMONES	G
G03FB09	Levonorgestrel	GENITO URINARY SYSTEM AND SEX HORMONES	G
G03AB03	Levonorgestrel	GENITO URINARY SYSTEM AND SEX HORMONES	G
G03AA07	Levonorgestrel	GENITO URINARY SYSTEM AND SEX HORMONES	G
G03AD01	Levonorgestrel	GENITO URINARY SYSTEM AND SEX HORMONES	G
C01CA03	Norepinephrine	CARDIOVASCULAR SYSTEM	C
J05AB12	Cidofovir	ANTIINFECTIVES FOR SYSTEMIC USE	J
N06AX11	Mirtazapine	NERVOUS SYSTEM	N
N05BC51	Meprobamate	NERVOUS SYSTEM	N
N05CX01	Meprobamate	NERVOUS SYSTEM	N
N05BC01	Meprobamate	NERVOUS SYSTEM	N
R06AD03	Thiethylperazine	RESPIRATORY SYSTEM	R
C07DA06	Timolol	CARDIOVASCULAR SYSTEM	C
S01ED51	Timolol	SENSORY ORGANS	S
S01ED01	Timolol	SENSORY ORGANS	S
C07AA06	Timolol	CARDIOVASCULAR SYSTEM	C
C07BA06	Timolol	CARDIOVASCULAR SYSTEM	C
B01AC21	Treprostinil	BLOOD AND BLOOD FORMING ORGANS	B
C10AC02	Colestipol	CARDIOVASCULAR SYSTEM	C
N04AA01	Trihexyphenidyl	NERVOUS SYSTEM	N
A04AA55	Palonosetron	ALIMENTARY TRACT AND METABOLISM	A
A04AA05	Palonosetron	ALIMENTARY TRACT AND METABOLISM	A
G03FA14	Dydrogesterone	GENITO URINARY SYSTEM AND SEX HORMONES	G
G03DB01	Dydrogesterone	GENITO URINARY SYSTEM AND SEX HORMONES	G
G03FB08	Dydrogesterone	GENITO URINARY SYSTEM AND SEX HORMONES	G
C01BB02	Mexiletine	CARDIOVASCULAR SYSTEM	C
V03AF02	Dexrazoxane	VARIOUS	V
C09DX01	Amlodipine	CARDIOVASCULAR SYSTEM	C
C09DX03	Amlodipine	CARDIOVASCULAR SYSTEM	C
C09DB04	Amlodipine	CARDIOVASCULAR SYSTEM	C
C09DB01	Amlodipine	CARDIOVASCULAR SYSTEM	C
C09DB05	Amlodipine	CARDIOVASCULAR SYSTEM	C
C10BX03	Amlodipine	CARDIOVASCULAR SYSTEM	C
C09DB02	Amlodipine	CARDIOVASCULAR SYSTEM	C
C09DB07	Amlodipine	CARDIOVASCULAR SYSTEM	C
C09DB06	Amlodipine	CARDIOVASCULAR SYSTEM	C
C08GA02	Amlodipine	CARDIOVASCULAR SYSTEM	C
C10BX11	Amlodipine	CARDIOVASCULAR SYSTEM	C
C09BB07	Amlodipine	CARDIOVASCULAR SYSTEM	C
C08CA01	Amlodipine	CARDIOVASCULAR SYSTEM	C
C09BB03	Amlodipine	CARDIOVASCULAR SYSTEM	C
C09XA53	Amlodipine	CARDIOVASCULAR SYSTEM	C
C09XA54	Amlodipine	CARDIOVASCULAR SYSTEM	C
C10BX07	Amlodipine	CARDIOVASCULAR SYSTEM	C
C09BX01	Amlodipine	CARDIOVASCULAR SYSTEM	C
C10BX09	Amlodipine	CARDIOVASCULAR SYSTEM	C
C09BB04	Amlodipine	CARDIOVASCULAR SYSTEM	C
N06DA01	Tacrine	NERVOUS SYSTEM	N
A03CA03	Oxyphencyclimine	ALIMENTARY TRACT AND METABOLISM	A
A03AA01	Oxyphencyclimine	ALIMENTARY TRACT AND METABOLISM	A
C03DB02	Triamterene	CARDIOVASCULAR SYSTEM	C
L01DB09	Valrubicin	ANTINEOPLASTIC AND IMMUNOMODULATING AGENTS	L
N04AA04	Procyclidine	NERVOUS SYSTEM	N
S01FB01	Phenylephrine	SENSORY ORGANS	S
R01AA04	Phenylephrine	RESPIRATORY SYSTEM	R
R01BA03	Phenylephrine	RESPIRATORY SYSTEM	R
C01CA06	Phenylephrine	CARDIOVASCULAR SYSTEM	C
S01GA05	Phenylephrine	SENSORY ORGANS	S
S01GA55	Phenylephrine	SENSORY ORGANS	S
R01BA53	Phenylephrine	RESPIRATORY SYSTEM	R
R01AB01	Phenylephrine	RESPIRATORY SYSTEM	R
H03BB01	Carbimazole	SYSTEMIC HORMONAL PREPARATIONS, EXCL. SEX HORMONES AND INSULINS	H
C01AA05	Digoxin	CARDIOVASCULAR SYSTEM	C
N05AL01	Sulpiride	NERVOUS SYSTEM	N
N05AL07	Sulpiride	NERVOUS SYSTEM	N
N04AA05	Ethopropazine	NERVOUS SYSTEM	N
C08CA06	Nimodipine	CARDIOVASCULAR SYSTEM	C
R03BA01	Beclomethasone dipropionate	RESPIRATORY SYSTEM	R
R03AK08	Beclomethasone dipropionate	RESPIRATORY SYSTEM	R
D07CC04	Beclomethasone dipropionate	DERMATOLOGICALS	D
A07EA07	Beclomethasone dipropionate	ALIMENTARY TRACT AND METABOLISM	A
R01AD01	Beclomethasone dipropionate	RESPIRATORY SYSTEM	R
D07AC15	Beclomethasone dipropionate	DERMATOLOGICALS	D
M03BA52	Carisoprodol	MUSCULO-SKELETAL SYSTEM	M
M03BA02	Carisoprodol	MUSCULO-SKELETAL SYSTEM	M
M03BA72	Carisoprodol	MUSCULO-SKELETAL SYSTEM	M
G03DA04	Progesterone	GENITO URINARY SYSTEM AND SEX HORMONES	G
G03FA04	Progesterone	GENITO URINARY SYSTEM AND SEX HORMONES	G
R01BA51	Phenylpropanolamine	RESPIRATORY SYSTEM	R
R01BA01	Phenylpropanolamine	RESPIRATORY SYSTEM	R
L01XE05	Sorafenib	ANTINEOPLASTIC AND IMMUNOMODULATING AGENTS	L
M05BB08	Zoledronic acid	MUSCULO-SKELETAL SYSTEM	M
M05BA08	Zoledronic acid	MUSCULO-SKELETAL SYSTEM	M
D01AA08	Griseofulvin	DERMATOLOGICALS	D
D01BA01	Griseofulvin	DERMATOLOGICALS	D
C08CA07	Nisoldipine	CARDIOVASCULAR SYSTEM	C
N05CF04	Eszopiclone	NERVOUS SYSTEM	N
V04CC04	Ceruletide	VARIOUS	V
N05BA12	Alprazolam	NERVOUS SYSTEM	N
R06AB56	Dexbrompheniramine	RESPIRATORY SYSTEM	R
R06AB06	Dexbrompheniramine	RESPIRATORY SYSTEM	R
D01AE02	Gentian Violet	DERMATOLOGICALS	D
G01AX09	Gentian Violet	GENITO URINARY SYSTEM AND SEX HORMONES	G
N05AH01	Loxapine	NERVOUS SYSTEM	N
N05AL04	Remoxipride	NERVOUS SYSTEM	N
R01AX06	Mupirocin	RESPIRATORY SYSTEM	R
D06AX09	Mupirocin	DERMATOLOGICALS	D
N07AB01	Carbachol	NERVOUS SYSTEM	N
S01EB02	Carbachol	SENSORY ORGANS	S
A10BD03	Rosiglitazone	ALIMENTARY TRACT AND METABOLISM	A
A10BG02	Rosiglitazone	ALIMENTARY TRACT AND METABOLISM	A
A10BD04	Rosiglitazone	ALIMENTARY TRACT AND METABOLISM	A
N04BC05	Pramipexole	NERVOUS SYSTEM	N
A10BB31	Acetohexamide	ALIMENTARY TRACT AND METABOLISM	A
J01CR50	Ampicillin	ANTIINFECTIVES FOR SYSTEMIC USE	J
S01AA19	Ampicillin	SENSORY ORGANS	S
J01CA51	Ampicillin	ANTIINFECTIVES FOR SYSTEMIC USE	J
J01CA01	Ampicillin	ANTIINFECTIVES FOR SYSTEMIC USE	J
J01CR01	Ampicillin	ANTIINFECTIVES FOR SYSTEMIC USE	J
J01CR50	Phenoxymethylpenicillin	ANTIINFECTIVES FOR SYSTEMIC USE	J
J01CE02	Phenoxymethylpenicillin	ANTIINFECTIVES FOR SYSTEMIC USE	J
J01CE10	Phenoxymethylpenicillin	ANTIINFECTIVES FOR SYSTEMIC USE	J
N05CA06	Secobarbital	NERVOUS SYSTEM	N
N05CB01	Secobarbital	NERVOUS SYSTEM	N
A16AX06	Miglustat	ALIMENTARY TRACT AND METABOLISM	A
N05AA03	Promazine	NERVOUS SYSTEM	N
C03DA01	Spironolactone	CARDIOVASCULAR SYSTEM	C
N06BA04	Methylphenidate	NERVOUS SYSTEM	N
M03BA53	Methocarbamol	MUSCULO-SKELETAL SYSTEM	M
M03BA03	Methocarbamol	MUSCULO-SKELETAL SYSTEM	M
M03BA73	Methocarbamol	MUSCULO-SKELETAL SYSTEM	M
A03CB31	Hyoscyamine	ALIMENTARY TRACT AND METABOLISM	A
A03BA03	Hyoscyamine	ALIMENTARY TRACT AND METABOLISM	A
N05CF02	Zolpidem	NERVOUS SYSTEM	N
S01AD07	Famciclovir	SENSORY ORGANS	S
J05AB09	Famciclovir	ANTIINFECTIVES FOR SYSTEMIC USE	J
R06AX07	Triprolidine	RESPIRATORY SYSTEM	R
L01AD04	Streptozocin	ANTINEOPLASTIC AND IMMUNOMODULATING AGENTS	L
G02AD04	Carboprost Tromethamine	GENITO URINARY SYSTEM AND SEX HORMONES	G
J01DD11	Cefpiramide	ANTIINFECTIVES FOR SYSTEMIC USE	J
P03AB02	Lindane	ANTIPARASITIC PRODUCTS, INSECTICIDES AND REPELLENTS	P
S01AD02	Trifluridine	SENSORY ORGANS	S
L01BC59	Trifluridine	ANTINEOPLASTIC AND IMMUNOMODULATING AGENTS	L
N05AB04	Prochlorperazine	NERVOUS SYSTEM	N
R06AX02	Cyproheptadine	RESPIRATORY SYSTEM	R
R07AX01	Nitric Oxide	RESPIRATORY SYSTEM	R
C03EA13	Bendroflumethiazide	CARDIOVASCULAR SYSTEM	C
C03AA01	Bendroflumethiazide	CARDIOVASCULAR SYSTEM	C
C03AB01	Bendroflumethiazide	CARDIOVASCULAR SYSTEM	C
G01AE10	Bendroflumethiazide	GENITO URINARY SYSTEM AND SEX HORMONES	G
M04AA01	Allopurinol	MUSCULO-SKELETAL SYSTEM	M
M04AA51	Allopurinol	MUSCULO-SKELETAL SYSTEM	M
J01DD52	Ceftazidime	ANTIINFECTIVES FOR SYSTEMIC USE	J
J01DD02	Ceftazidime	ANTIINFECTIVES FOR SYSTEMIC USE	J
C10AA06	Cerivastatin	CARDIOVASCULAR SYSTEM	C
J01EE01	Trimethoprim	ANTIINFECTIVES FOR SYSTEMIC USE	J
J01EE07	Trimethoprim	ANTIINFECTIVES FOR SYSTEMIC USE	J
J01EA01	Trimethoprim	ANTIINFECTIVES FOR SYSTEMIC USE	J
J01EE05	Trimethoprim	ANTIINFECTIVES FOR SYSTEMIC USE	J
J01EE04	Trimethoprim	ANTIINFECTIVES FOR SYSTEMIC USE	J
J01EE02	Trimethoprim	ANTIINFECTIVES FOR SYSTEMIC USE	J
J01EE03	Trimethoprim	ANTIINFECTIVES FOR SYSTEMIC USE	J
L01BC05	Gemcitabine	ANTINEOPLASTIC AND IMMUNOMODULATING AGENTS	L
J05AF10	Entecavir	ANTIINFECTIVES FOR SYSTEMIC USE	J
R03DA20	Entecavir	RESPIRATORY SYSTEM	R
S01BB04	Betamethasone	SENSORY ORGANS	S
H02AB01	Betamethasone	SYSTEMIC HORMONAL PREPARATIONS, EXCL. SEX HORMONES AND INSULINS	H
R03BA04	Betamethasone	RESPIRATORY SYSTEM	R
S01CA05	Betamethasone	SENSORY ORGANS	S
D07CC01	Betamethasone	DERMATOLOGICALS	D
C05AA05	Betamethasone	CARDIOVASCULAR SYSTEM	C
D07BC01	Betamethasone	DERMATOLOGICALS	D
R01AD06	Betamethasone	RESPIRATORY SYSTEM	R
S01CB04	Betamethasone	SENSORY ORGANS	S
S02BA07	Betamethasone	SENSORY ORGANS	S
A07EA04	Betamethasone	ALIMENTARY TRACT AND METABOLISM	A
S03BA03	Betamethasone	SENSORY ORGANS	S
D07AC01	Betamethasone	DERMATOLOGICALS	D
D07XC01	Betamethasone	DERMATOLOGICALS	D
S03CA06	Betamethasone	SENSORY ORGANS	S
S01BA06	Betamethasone	SENSORY ORGANS	S
L01CB02	Teniposide	ANTINEOPLASTIC AND IMMUNOMODULATING AGENTS	L
L01DB03	Epirubicin	ANTINEOPLASTIC AND IMMUNOMODULATING AGENTS	L
G01AA05	Chloramphenicol	GENITO URINARY SYSTEM AND SEX HORMONES	G
J01BA01	Chloramphenicol	ANTIINFECTIVES FOR SYSTEMIC USE	J
D10AF03	Chloramphenicol	DERMATOLOGICALS	D
S01AA01	Chloramphenicol	SENSORY ORGANS	S
S02AA01	Chloramphenicol	SENSORY ORGANS	S
S03AA08	Chloramphenicol	SENSORY ORGANS	S
D06AX02	Chloramphenicol	DERMATOLOGICALS	D
J01DC08	Loracarbef	ANTIINFECTIVES FOR SYSTEMIC USE	J
A02BC53	Lansoprazole	ALIMENTARY TRACT AND METABOLISM	A
A02BD10	Lansoprazole	ALIMENTARY TRACT AND METABOLISM	A
A02BC03	Lansoprazole	ALIMENTARY TRACT AND METABOLISM	A
A02BD03	Lansoprazole	ALIMENTARY TRACT AND METABOLISM	A
A02BD02	Lansoprazole	ALIMENTARY TRACT AND METABOLISM	A
A02BD09	Lansoprazole	ALIMENTARY TRACT AND METABOLISM	A
A02BD07	Lansoprazole	ALIMENTARY TRACT AND METABOLISM	A
S01EA02	Dipivefrin	SENSORY ORGANS	S
N05AD08	Droperidol	NERVOUS SYSTEM	N
H03AA01	Levothyroxine	SYSTEMIC HORMONAL PREPARATIONS, EXCL. SEX HORMONES AND INSULINS	H
R01AX08	Framycetin	RESPIRATORY SYSTEM	R
D09AA01	Framycetin	DERMATOLOGICALS	D
S01AA07	Framycetin	SENSORY ORGANS	S
J01AA11	Clomocycline	ANTIINFECTIVES FOR SYSTEMIC USE	J
J01AA20	Clomocycline	ANTIINFECTIVES FOR SYSTEMIC USE	J
N02AB72	Pethidine	NERVOUS SYSTEM	N
N02AB52	Pethidine	NERVOUS SYSTEM	N
N02AG03	Pethidine	NERVOUS SYSTEM	N
N02AB02	Pethidine	NERVOUS SYSTEM	N
R06AX13	Loratadine	RESPIRATORY SYSTEM	R
J01DB03	Cefalotin	ANTIINFECTIVES FOR SYSTEMIC USE	J
C02CA01	Prazosin	CARDIOVASCULAR SYSTEM	C
C02LE01	Prazosin	CARDIOVASCULAR SYSTEM	C
N06AA02	Imipramine	NERVOUS SYSTEM	N
D05BB02	Acitretin	DERMATOLOGICALS	D
S01LA01	Verteporfin	SENSORY ORGANS	S
M01AX01	Nabumetone	MUSCULO-SKELETAL SYSTEM	M
N03AA30	Metharbital	NERVOUS SYSTEM	N
C05BB04	Sodium Tetradecyl Sulfate	CARDIOVASCULAR SYSTEM	C
M01AB15	Ketorolac	MUSCULO-SKELETAL SYSTEM	M
S01BC05	Ketorolac	SENSORY ORGANS	S
J01MA04	Enoxacin	ANTIINFECTIVES FOR SYSTEMIC USE	J
M09AA72	Quinine	MUSCULO-SKELETAL SYSTEM	M
P01BC01	Quinine	ANTIPARASITIC PRODUCTS, INSECTICIDES AND REPELLENTS	P
M01AC02	Tenoxicam	MUSCULO-SKELETAL SYSTEM	M
A04AD10	Dronabinol	ALIMENTARY TRACT AND METABOLISM	A
R03DC53	Montelukast	RESPIRATORY SYSTEM	R
R03DC03	Montelukast	RESPIRATORY SYSTEM	R
N06CA03	Fluoxetine	NERVOUS SYSTEM	N
N06AB03	Fluoxetine	NERVOUS SYSTEM	N
N01AF01	Methohexital	NERVOUS SYSTEM	N
N05CA15	Methohexital	NERVOUS SYSTEM	N
N05CB01	Methohexital	NERVOUS SYSTEM	N
N05BA02	Chlordiazepoxide	NERVOUS SYSTEM	N
N06AX21	Duloxetine	NERVOUS SYSTEM	N
N05AA01	Chlorpromazine	NERVOUS SYSTEM	N
J05AC02	Rimantadine	ANTIINFECTIVES FOR SYSTEMIC USE	J
S01AA21	Amikacin	SENSORY ORGANS	S
J01RA06	Amikacin	ANTIINFECTIVES FOR SYSTEMIC USE	J
D06AX12	Amikacin	DERMATOLOGICALS	D
J01GB06	Amikacin	ANTIINFECTIVES FOR SYSTEMIC USE	J
L04AX04	Lenalidomide	ANTINEOPLASTIC AND IMMUNOMODULATING AGENTS	L
G03XC01	Raloxifene	GENITO URINARY SYSTEM AND SEX HORMONES	G
L01XX33	Celecoxib	ANTINEOPLASTIC AND IMMUNOMODULATING AGENTS	L
G01AE10	Celecoxib	GENITO URINARY SYSTEM AND SEX HORMONES	G
M01AH01	Celecoxib	MUSCULO-SKELETAL SYSTEM	M
D11AX21	Brimonidine	DERMATOLOGICALS	D
S01EA05	Brimonidine	SENSORY ORGANS	S
J01CR50	Dicloxacillin	ANTIINFECTIVES FOR SYSTEMIC USE	J
J01CF01	Dicloxacillin	ANTIINFECTIVES FOR SYSTEMIC USE	J
A04AD11	Nabilone	ALIMENTARY TRACT AND METABOLISM	A
J01MA03	Pefloxacin	ANTIINFECTIVES FOR SYSTEMIC USE	J
L01XX03	Altretamine	ANTINEOPLASTIC AND IMMUNOMODULATING AGENTS	L
C07AA57	Sotalol	CARDIOVASCULAR SYSTEM	C
C07AA07	Sotalol	CARDIOVASCULAR SYSTEM	C
C07BA07	Sotalol	CARDIOVASCULAR SYSTEM	C
N05BE01	Buspirone	NERVOUS SYSTEM	N
A10BF02	Miglitol	ALIMENTARY TRACT AND METABOLISM	A
C09AA09	Fosinopril	CARDIOVASCULAR SYSTEM	C
C09BA09	Fosinopril	CARDIOVASCULAR SYSTEM	C
J01DD51	Cefotaxime	ANTIINFECTIVES FOR SYSTEMIC USE	J
J01DD01	Cefotaxime	ANTIINFECTIVES FOR SYSTEMIC USE	J
N04BX02	Entacapone	NERVOUS SYSTEM	N
J05AR01	Zidovudine	ANTIINFECTIVES FOR SYSTEMIC USE	J
J05AR05	Zidovudine	ANTIINFECTIVES FOR SYSTEMIC USE	J
J05AR04	Zidovudine	ANTIINFECTIVES FOR SYSTEMIC USE	J
J05AF01	Zidovudine	ANTIINFECTIVES FOR SYSTEMIC USE	J
G04BD10	Darifenacin	GENITO URINARY SYSTEM AND SEX HORMONES	G
N02AA55	Oxycodone	NERVOUS SYSTEM	N
N02AA05	Oxycodone	NERVOUS SYSTEM	N
B01AA02	Phenindione	BLOOD AND BLOOD FORMING ORGANS	B
L02BB01	Flutamide	ANTINEOPLASTIC AND IMMUNOMODULATING AGENTS	L
M01AB03	Tolmetin	MUSCULO-SKELETAL SYSTEM	M
M02AA21	Tolmetin	MUSCULO-SKELETAL SYSTEM	M
A02BA01	Cimetidine	ALIMENTARY TRACT AND METABOLISM	A
A02BA51	Cimetidine	ALIMENTARY TRACT AND METABOLISM	A
N05AD01	Haloperidol	NERVOUS SYSTEM	N
J05AR10	Ritonavir	ANTIINFECTIVES FOR SYSTEMIC USE	J
J05AX67	Ritonavir	ANTIINFECTIVES FOR SYSTEMIC USE	J
J05AE03	Ritonavir	ANTIINFECTIVES FOR SYSTEMIC USE	J
J05AX66	Ritonavir	ANTIINFECTIVES FOR SYSTEMIC USE	J
A03AB08	Tridihexethyl	ALIMENTARY TRACT AND METABOLISM	A
P01AX11	Nitazoxanide	ANTIPARASITIC PRODUCTS, INSECTICIDES AND REPELLENTS	P
N05AA05	Triflupromazine	NERVOUS SYSTEM	N
C10AX01	Dextrothyroxine	CARDIOVASCULAR SYSTEM	C
C01AA01	Acetyldigitoxin	CARDIOVASCULAR SYSTEM	C
A07AA09	Vancomycin	ALIMENTARY TRACT AND METABOLISM	A
J01XA01	Vancomycin	ANTIINFECTIVES FOR SYSTEMIC USE	J
B02AA01	Aminocaproic Acid	BLOOD AND BLOOD FORMING ORGANS	B
R05DA09	Dextromethorphan	RESPIRATORY SYSTEM	R
N07XX59	Dextromethorphan	NERVOUS SYSTEM	N
L01XA01	Cisplatin	ANTINEOPLASTIC AND IMMUNOMODULATING AGENTS	L
P02CA03	Albendazole	ANTIPARASITIC PRODUCTS, INSECTICIDES AND REPELLENTS	P
C09AA10	Trandolapril	CARDIOVASCULAR SYSTEM	C
C09BB10	Trandolapril	CARDIOVASCULAR SYSTEM	C
J02AX04	Caspofungin	ANTIINFECTIVES FOR SYSTEMIC USE	J
S01ED55	Carteolol	SENSORY ORGANS	S
S01ED05	Carteolol	SENSORY ORGANS	S
C07AA15	Carteolol	CARDIOVASCULAR SYSTEM	C
V04CK03	Bentiromide	VARIOUS	V
D11AH04	Alitretinoin	DERMATOLOGICALS	D
L01XX22	Alitretinoin	ANTINEOPLASTIC AND IMMUNOMODULATING AGENTS	L
C03BA08	Metolazone	CARDIOVASCULAR SYSTEM	C
C03EA12	Metolazone	CARDIOVASCULAR SYSTEM	C
G01AE10	Metolazone	GENITO URINARY SYSTEM AND SEX HORMONES	G
D01AE18	Tolnaftate	DERMATOLOGICALS	D
L01XA03	Oxaliplatin	ANTINEOPLASTIC AND IMMUNOMODULATING AGENTS	L
S02DA04	Cinchocaine	SENSORY ORGANS	S
N01BB06	Cinchocaine	NERVOUS SYSTEM	N
S01HA06	Cinchocaine	SENSORY ORGANS	S
C05AD04	Cinchocaine	CARDIOVASCULAR SYSTEM	C
D04AB02	Cinchocaine	DERMATOLOGICALS	D
C09DB08	Lercanidipine	CARDIOVASCULAR SYSTEM	C
C08CA13	Lercanidipine	CARDIOVASCULAR SYSTEM	C
C09BB02	Lercanidipine	CARDIOVASCULAR SYSTEM	C
J05AD01	Foscarnet	ANTIINFECTIVES FOR SYSTEMIC USE	J
L01XE03	Erlotinib	ANTINEOPLASTIC AND IMMUNOMODULATING AGENTS	L
L01AA01	Cyclophosphamide	ANTINEOPLASTIC AND IMMUNOMODULATING AGENTS	L
N03AB04	Mephenytoin	NERVOUS SYSTEM	N
N03AB54	Mephenytoin	NERVOUS SYSTEM	N
M01AH02	Rofecoxib	MUSCULO-SKELETAL SYSTEM	M
J01DD15	Cefdinir	ANTIINFECTIVES FOR SYSTEMIC USE	J
J01MA02	Ciprofloxacin	ANTIINFECTIVES FOR SYSTEMIC USE	J
J01RA11	Ciprofloxacin	ANTIINFECTIVES FOR SYSTEMIC USE	J
S02AA15	Ciprofloxacin	SENSORY ORGANS	S
J01RA12	Ciprofloxacin	ANTIINFECTIVES FOR SYSTEMIC USE	J
S03AA07	Ciprofloxacin	SENSORY ORGANS	S
S01AE03	Ciprofloxacin	SENSORY ORGANS	S
J01RA10	Ciprofloxacin	ANTIINFECTIVES FOR SYSTEMIC USE	J
V08CA06	Gadoversetamide	VARIOUS	V
L02BA02	Toremifene	ANTINEOPLASTIC AND IMMUNOMODULATING AGENTS	L
N06AA10	Nortriptyline	NERVOUS SYSTEM	N
L01CA02	Vincristine	ANTINEOPLASTIC AND IMMUNOMODULATING AGENTS	L
C09AA07	Benazepril	CARDIOVASCULAR SYSTEM	C
C09BA07	Benazepril	CARDIOVASCULAR SYSTEM	C
N06AA17	Amoxapine	NERVOUS SYSTEM	N
L01BC02	Fluorouracil	ANTINEOPLASTIC AND IMMUNOMODULATING AGENTS	L
L01BC52	Fluorouracil	ANTINEOPLASTIC AND IMMUNOMODULATING AGENTS	L
N07AA02	Pyridostigmine	NERVOUS SYSTEM	N
N05BA07	Adinazolam	NERVOUS SYSTEM	N
D07XC02	Desoximetasone	DERMATOLOGICALS	D
D07AC03	Desoximetasone	DERMATOLOGICALS	D
D10AX03	Azelaic Acid	DERMATOLOGICALS	D
R03DC01	Zafirlukast	RESPIRATORY SYSTEM	R
H03BA02	Propylthiouracil	SYSTEMIC HORMONAL PREPARATIONS, EXCL. SEX HORMONES AND INSULINS	H
G04BX03	Acetohydroxamic Acid	GENITO URINARY SYSTEM AND SEX HORMONES	G
L01XX08	Pentostatin	ANTINEOPLASTIC AND IMMUNOMODULATING AGENTS	L
D05AD02	Methoxsalen	DERMATOLOGICALS	D
D05BA02	Methoxsalen	DERMATOLOGICALS	D
S01BC06	Piroxicam	SENSORY ORGANS	S
M02AA07	Piroxicam	MUSCULO-SKELETAL SYSTEM	M
M01AC01	Piroxicam	MUSCULO-SKELETAL SYSTEM	M
N03AX09	Lamotrigine	NERVOUS SYSTEM	N
N05BB51	Hydroxyzine	NERVOUS SYSTEM	N
N05BB01	Hydroxyzine	NERVOUS SYSTEM	N
J05AH01	Zanamivir	ANTIINFECTIVES FOR SYSTEMIC USE	J
C02KX01	Bosentan	CARDIOVASCULAR SYSTEM	C
J01AA20	Tigecycline	ANTIINFECTIVES FOR SYSTEMIC USE	J
J01AA12	Tigecycline	ANTIINFECTIVES FOR SYSTEMIC USE	J
R07AB01	Doxapram	RESPIRATORY SYSTEM	R
G01AE10	Benzthiazide	GENITO URINARY SYSTEM AND SEX HORMONES	G
L04AX03	Methotrexate	ANTINEOPLASTIC AND IMMUNOMODULATING AGENTS	L
L01BA01	Methotrexate	ANTINEOPLASTIC AND IMMUNOMODULATING AGENTS	L
N03AF01	Carbamazepine	NERVOUS SYSTEM	N
M03AC11	Cisatracurium	MUSCULO-SKELETAL SYSTEM	M
J01DB01	Cephalexin	ANTIINFECTIVES FOR SYSTEMIC USE	J
N07CA52	Cinnarizine	NERVOUS SYSTEM	N
N07CA02	Cinnarizine	NERVOUS SYSTEM	N
B01AX05	Fondaparinux	BLOOD AND BLOOD FORMING ORGANS	B
L01CA01	Vinblastine	ANTINEOPLASTIC AND IMMUNOMODULATING AGENTS	L
C07BA05	Propranolol	CARDIOVASCULAR SYSTEM	C
C07AA05	Propranolol	CARDIOVASCULAR SYSTEM	C
C07FA05	Propranolol	CARDIOVASCULAR SYSTEM	C
S01FA01	Atropine	SENSORY ORGANS	S
A03BA01	Atropine	ALIMENTARY TRACT AND METABOLISM	A
A03CB03	Atropine	ALIMENTARY TRACT AND METABOLISM	A
M01AE04	Fenoprofen	MUSCULO-SKELETAL SYSTEM	M
A08AA02	Fenfluramine	ALIMENTARY TRACT AND METABOLISM	A
S01EA04	Clonidine	SENSORY ORGANS	S
N02CX02	Clonidine	NERVOUS SYSTEM	N
C02LC01	Clonidine	CARDIOVASCULAR SYSTEM	C
C02LC51	Clonidine	CARDIOVASCULAR SYSTEM	C
C02AC01	Clonidine	CARDIOVASCULAR SYSTEM	C
B05CA04	Sulfamethizole	BLOOD AND BLOOD FORMING ORGANS	B
D06BA04	Sulfamethizole	DERMATOLOGICALS	D
J01EB02	Sulfamethizole	ANTIINFECTIVES FOR SYSTEMIC USE	J
S01AB01	Sulfamethizole	SENSORY ORGANS	S
G01AE10	Sulfamethizole	GENITO URINARY SYSTEM AND SEX HORMONES	G
R03DA20	Valaciclovir	RESPIRATORY SYSTEM	R
J05AB11	Valaciclovir	ANTIINFECTIVES FOR SYSTEMIC USE	J
J01CR50	Carbenicillin	ANTIINFECTIVES FOR SYSTEMIC USE	J
J01CA03	Carbenicillin	ANTIINFECTIVES FOR SYSTEMIC USE	J
A08AA05	Mazindol	ALIMENTARY TRACT AND METABOLISM	A
M01AH03	Valdecoxib	MUSCULO-SKELETAL SYSTEM	M
A06AD61	Lactulose	ALIMENTARY TRACT AND METABOLISM	A
A06AD11	Lactulose	ALIMENTARY TRACT AND METABOLISM	A
J02AC03	Voriconazole	ANTIINFECTIVES FOR SYSTEMIC USE	J
A16AA01	L-Carnitine	ALIMENTARY TRACT AND METABOLISM	A
C09BB06	Enalapril	CARDIOVASCULAR SYSTEM	C
C09BB02	Enalapril	CARDIOVASCULAR SYSTEM	C
C09AA02	Enalapril	CARDIOVASCULAR SYSTEM	C
C09BA02	Enalapril	CARDIOVASCULAR SYSTEM	C
A02BA04	Nizatidine	ALIMENTARY TRACT AND METABOLISM	A
M01AB05	Diclofenac	MUSCULO-SKELETAL SYSTEM	M
S01BC03	Diclofenac	SENSORY ORGANS	S
M01AB55	Diclofenac	MUSCULO-SKELETAL SYSTEM	M
M02AA15	Diclofenac	MUSCULO-SKELETAL SYSTEM	M
D11AX18	Diclofenac	DERMATOLOGICALS	D
S01CC01	Diclofenac	SENSORY ORGANS	S
G02CB02	Lisuride	GENITO URINARY SYSTEM AND SEX HORMONES	G
N02CA07	Lisuride	NERVOUS SYSTEM	N
C02CA04	Doxazosin	CARDIOVASCULAR SYSTEM	C
S02BA08	Fluocinolone Acetonide	SENSORY ORGANS	S
S01CA10	Fluocinolone Acetonide	SENSORY ORGANS	S
S01BA15	Fluocinolone Acetonide	SENSORY ORGANS	S
S02CA05	Fluocinolone Acetonide	SENSORY ORGANS	S
D07CC02	Fluocinolone Acetonide	DERMATOLOGICALS	D
D07BC02	Fluocinolone Acetonide	DERMATOLOGICALS	D
D07AC04	Fluocinolone Acetonide	DERMATOLOGICALS	D
C05AA10	Fluocinolone Acetonide	CARDIOVASCULAR SYSTEM	C
P02CB01	Piperazine	ANTIPARASITIC PRODUCTS, INSECTICIDES AND REPELLENTS	P
N03AD51	Ethosuximide	NERVOUS SYSTEM	N
N03AD01	Ethosuximide	NERVOUS SYSTEM	N
C03DB01	Amiloride	CARDIOVASCULAR SYSTEM	C
J01AA56	Oxytetracycline	ANTIINFECTIVES FOR SYSTEMIC USE	J
S01AA04	Oxytetracycline	SENSORY ORGANS	S
J01AA20	Oxytetracycline	ANTIINFECTIVES FOR SYSTEMIC USE	J
D06AA03	Oxytetracycline	DERMATOLOGICALS	D
J01AA06	Oxytetracycline	ANTIINFECTIVES FOR SYSTEMIC USE	J
G01AA07	Oxytetracycline	GENITO URINARY SYSTEM AND SEX HORMONES	G
D07AC21	Ulobetasol	DERMATOLOGICALS	D
V08CA04	Gadoteridol	VARIOUS	V
C07BG01	Labetalol	CARDIOVASCULAR SYSTEM	C
C07CG01	Labetalol	CARDIOVASCULAR SYSTEM	C
C07AG01	Labetalol	CARDIOVASCULAR SYSTEM	C
N05CA19	Thiopental	NERVOUS SYSTEM	N
N01AF03	Thiopental	NERVOUS SYSTEM	N
N05CB01	Thiopental	NERVOUS SYSTEM	N
D11AX13	Monobenzone	DERMATOLOGICALS	D
J01XX08	Linezolid	ANTIINFECTIVES FOR SYSTEMIC USE	J
P02CF01	Ivermectin	ANTIPARASITIC PRODUCTS, INSECTICIDES AND REPELLENTS	P
D11AX22	Ivermectin	DERMATOLOGICALS	D
G03FA12	Medroxyprogesterone acetate	GENITO URINARY SYSTEM AND SEX HORMONES	G
G03AC06	Medroxyprogesterone acetate	GENITO URINARY SYSTEM AND SEX HORMONES	G
G03AA08	Medroxyprogesterone acetate	GENITO URINARY SYSTEM AND SEX HORMONES	G
G03DA02	Medroxyprogesterone acetate	GENITO URINARY SYSTEM AND SEX HORMONES	G
G03FB06	Medroxyprogesterone acetate	GENITO URINARY SYSTEM AND SEX HORMONES	G
L02AB02	Medroxyprogesterone acetate	ANTINEOPLASTIC AND IMMUNOMODULATING AGENTS	L
A03FA02	Cisapride	ALIMENTARY TRACT AND METABOLISM	A
M01AB02	Sulindac	MUSCULO-SKELETAL SYSTEM	M
C03AA09	Cyclothiazide	CARDIOVASCULAR SYSTEM	C
C03AB09	Cyclothiazide	CARDIOVASCULAR SYSTEM	C
G01AE10	Cyclothiazide	GENITO URINARY SYSTEM AND SEX HORMONES	G
J01CR50	Nafcillin	ANTIINFECTIVES FOR SYSTEMIC USE	J
J01CF06	Nafcillin	ANTIINFECTIVES FOR SYSTEMIC USE	J
P01BA01	Chloroquine	ANTIPARASITIC PRODUCTS, INSECTICIDES AND REPELLENTS	P
J04AD03	Ethionamide	ANTIINFECTIVES FOR SYSTEMIC USE	J
C01CA09	Metaraminol	CARDIOVASCULAR SYSTEM	C
N02AF01	Butorphanol	NERVOUS SYSTEM	N
C07BB07	Bisoprolol	CARDIOVASCULAR SYSTEM	C
C07FB07	Bisoprolol	CARDIOVASCULAR SYSTEM	C
