DID1	DRUGNAME1	DID2	DRUGNAME2	MODULATE	FUNCTIONALCOMPONENT
DB01323	St. John's Wort	DB00001	Lepirudin	increase	metabolism
DB00001	Lepirudin	DB00346	Alfuzosin	increase	serum concentration
DB13783	Acemetacin	DB00001	Lepirudin	increase	risk or severity of bleeding
DB06605	Apixaban	DB00001	Lepirudin	increase	anticoagulant activities
DB06695	Dabigatran etexilate	DB00001	Lepirudin	increase	anticoagulant activities
DB09075	Edoxaban	DB00001	Lepirudin	increase	anticoagulant activities
DB00001	Lepirudin	DB06228	Rivaroxaban	increase	anticoagulant activities
DB00001	Lepirudin	DB00227	Lovastatin	increase	serum concentration
DB00013	Urokinase	DB00001	Lepirudin	increase	anticoagulant activities
DB00001	Lepirudin	DB09030	Vorapaxar	increase	risk or severity of adverse effects
DB00001	Lepirudin	DB00683	Midazolam	increase	serum concentration
DB00001	Lepirudin	DB00641	Simvastatin	increase	serum concentration
DB00932	Tipranavir	DB00001	Lepirudin	decrease	serum concentration
DB00001	Lepirudin	DB00248	Cabergoline	increase	serum concentration
DB00001	Lepirudin	DB01200	Bromocriptine	increase	serum concentration
DB00001	Lepirudin	DB00320	Dihydroergotamine	increase	serum concentration
DB00001	Lepirudin	DB00696	Ergotamine	increase	serum concentration
DB00001	Lepirudin	DB01049	Ergoloid mesylate	increase	serum concentration
DB00001	Lepirudin	DB01253	Ergonovine	increase	serum concentration
DB00001	Lepirudin	DB00353	Methylergometrine	increase	serum concentration
DB00001	Lepirudin	DB00897	Triazolam	increase	serum concentration
DB03404	Hemin	DB00001	Lepirudin	increase	anticoagulant activities
DB00001	Lepirudin	DB00977	Ethinyl Estradiol	decrease	serum concentration
DB00001	Lepirudin	DB01357	Mestranol	decrease	serum concentration
DB00001	Lepirudin	DB00783	Estradiol	decrease	serum concentration
DB00001	Lepirudin	DB00255	Diethylstilbestrol	decrease	serum concentration
DB00001	Lepirudin	DB00091	Cyclosporine	increase	serum concentration
DB10532	Garlic	DB00001	Lepirudin	decrease	serum concentration
DB00001	Lepirudin	DB00864	Tacrolimus	decrease	metabolism
DB00454	Pethidine	DB00001	Lepirudin	increase	risk or severity of adverse effects
DB00001	Lepirudin	DB00404	Alprazolam	increase	serum concentration
DB08873	Boceprevir	DB00001	Lepirudin	decrease	serum concentration
DB00564	Carbamazepine	DB00001	Lepirudin	increase	metabolism
DB00001	Lepirudin	DB01211	Clarithromycin	decrease	therapeutic efficacy
DB00001	Lepirudin	DB00705	Delavirdine	decrease	serum concentration
DB00269	Chlorotrianisene	DB00001	Lepirudin	decrease	anticoagulant activities
DB00286	Conjugated estrogens	DB00001	Lepirudin	decrease	anticoagulant activities
DB00655	Estrone	DB00001	Lepirudin	decrease	anticoagulant activities
DB00890	Dienestrol	DB00001	Lepirudin	decrease	anticoagulant activities
DB09369	Polyestradiol phosphate	DB00001	Lepirudin	decrease	anticoagulant activities
DB01645	Genistein	DB00001	Lepirudin	decrease	anticoagulant activities
DB04575	Quinestrol	DB00001	Lepirudin	decrease	anticoagulant activities
DB07931	Hexestrol	DB00001	Lepirudin	decrease	anticoagulant activities
DB09317	Synthetic Conjugated Estrogens, A	DB00001	Lepirudin	decrease	anticoagulant activities
DB09318	Synthetic Conjugated Estrogens, B	DB00001	Lepirudin	decrease	anticoagulant activities
DB11478	Zeranol	DB00001	Lepirudin	decrease	anticoagulant activities
DB11674	Equol	DB00001	Lepirudin	decrease	anticoagulant activities
DB12179	Secoisolariciresinol	DB00001	Lepirudin	decrease	anticoagulant activities
DB13182	Daidzein	DB00001	Lepirudin	decrease	anticoagulant activities
DB13386	Epimestrol	DB00001	Lepirudin	decrease	anticoagulant activities
DB04573	Estriol	DB00001	Lepirudin	decrease	anticoagulant activities
DB12487	Promestriene	DB00001	Lepirudin	decrease	anticoagulant activities
DB13143	Methallenestril	DB00001	Lepirudin	decrease	anticoagulant activities
DB13418	Moxestrol	DB00001	Lepirudin	decrease	anticoagulant activities
DB13952	Estradiol acetate	DB00001	Lepirudin	decrease	anticoagulant activities
DB13954	Estradiol cypionate	DB00001	Lepirudin	decrease	anticoagulant activities
DB13956	Estradiol valerate	DB00001	Lepirudin	decrease	anticoagulant activities
DB09381	Estrogens, esterified	DB00001	Lepirudin	decrease	anticoagulant activities
DB06401	Bazedoxifene	DB00001	Lepirudin	decrease	anticoagulant activities
DB04865	Omacetaxine mepesuccinate	DB00001	Lepirudin	increase	risk or severity of bleeding
DB00001	Lepirudin	DB01149	Nefazodone	increase	serum concentration
DB06692	Aprotinin	DB00001	Lepirudin	decrease	therapeutic efficacy
DB13943	Testosterone cypionate	DB00001	Lepirudin	increase	therapeutic efficacy
DB13944	Testosterone enanthate	DB00001	Lepirudin	increase	therapeutic efficacy
DB01431	Allylestrenol	DB00001	Lepirudin	decrease	therapeutic efficacy
DB00294	Etonogestrel	DB00001	Lepirudin	decrease	therapeutic efficacy
DB00603	Medroxyprogesterone acetate	DB00001	Lepirudin	decrease	therapeutic efficacy
DB00396	Progesterone	DB00001	Lepirudin	decrease	therapeutic efficacy
DB00717	Norethisterone	DB00001	Lepirudin	decrease	therapeutic efficacy
DB06789	Hydroxyprogesterone caproate	DB00001	Lepirudin	decrease	therapeutic efficacy
DB00304	Desogestrel	DB00001	Lepirudin	decrease	therapeutic efficacy
DB00378	Dydrogesterone	DB00001	Lepirudin	decrease	therapeutic efficacy
DB06730	Gestodene	DB00001	Lepirudin	decrease	therapeutic efficacy
DB11372	Altrenogest	DB00001	Lepirudin	decrease	therapeutic efficacy
DB11619	Gestrinone	DB00001	Lepirudin	decrease	therapeutic efficacy
DB09124	Medrogestone	DB00001	Lepirudin	decrease	therapeutic efficacy
DB11636	Nomegestrol	DB00001	Lepirudin	decrease	therapeutic efficacy
DB13230	Gestonorone	DB00001	Lepirudin	decrease	therapeutic efficacy
DB13533	Methylestrenolone	DB00001	Lepirudin	decrease	therapeutic efficacy
DB13563	Norgestrienone	DB00001	Lepirudin	decrease	therapeutic efficacy
DB13602	Promegestone	DB00001	Lepirudin	decrease	therapeutic efficacy
DB13857	Demegestone	DB00001	Lepirudin	decrease	therapeutic efficacy
DB00351	Megestrol acetate	DB00001	Lepirudin	decrease	therapeutic efficacy
DB00367	Levonorgestrel	DB00001	Lepirudin	decrease	therapeutic efficacy
DB09123	Dienogest	DB00001	Lepirudin	decrease	therapeutic efficacy
DB01395	Drospirenone	DB00001	Lepirudin	decrease	therapeutic efficacy
DB12474	Lynestrenol	DB00001	Lepirudin	decrease	therapeutic efficacy
DB13528	Chlormadinone	DB00001	Lepirudin	decrease	therapeutic efficacy
DB13685	Quingestanol	DB00001	Lepirudin	decrease	therapeutic efficacy
DB13866	Ethynodiol	DB00001	Lepirudin	decrease	therapeutic efficacy
DB13946	Testosterone undecanoate	DB00001	Lepirudin	increase	therapeutic efficacy
DB00001	Lepirudin	DB08931	Riociguat	increase	serum concentration
DB00001	Lepirudin	DB00203	Sildenafil	increase	serum concentration
DB06287	Temsirolimus	DB00001	Lepirudin	increase	risk or severity of adverse effects
DB00001	Lepirudin	DB00343	Diltiazem	decrease	metabolism
DB00001	Lepirudin	DB00661	Verapamil	decrease	metabolism
DB00686	Pentosan Polysulfate	DB00001	Lepirudin	increase	anticoagulant activities
DB09568	Omega-3-carboxylic acids	DB00001	Lepirudin	increase	therapeutic efficacy
DB00001	Lepirudin	DB00321	Amitriptyline	increase	serum concentration
DB00001	Lepirudin	DB00344	Protriptyline	increase	serum concentration
DB00001	Lepirudin	DB00458	Imipramine	increase	serum concentration
DB00001	Lepirudin	DB00540	Nortriptyline	increase	serum concentration
DB00001	Lepirudin	DB00726	Trimipramine	increase	serum concentration
DB00001	Lepirudin	DB01142	Doxepin	increase	serum concentration
DB00001	Lepirudin	DB01151	Desipramine	increase	serum concentration
DB00001	Lepirudin	DB01242	Clomipramine	increase	serum concentration
DB00001	Lepirudin	DB09016	Butriptyline	increase	serum concentration
DB00001	Lepirudin	DB13114	Amitriptylinoxide	increase	serum concentration
DB00001	Lepirudin	DB13384	Melitracen	increase	serum concentration
DB00001	Lepirudin	DB08996	Dimetacrine	increase	serum concentration
DB00001	Lepirudin	DB04836	Amineptine	increase	serum concentration
DB00001	Lepirudin	DB09167	Dosulepin	increase	serum concentration
DB00001	Lepirudin	DB09289	Tianeptine	increase	serum concentration
DB00001	Lepirudin	DB12930	Opipramol	increase	serum concentration
DB00001	Lepirudin	DB13225	Dibenzepin	increase	serum concentration
DB00001	Lepirudin	DB13411	Lofepramine	increase	serum concentration
DB00001	Lepirudin	DB13496	Iprindole	increase	serum concentration
DB00001	Lepirudin	DB00543	Amoxapine	increase	serum concentration
DB00001	Lepirudin	DB01048	Abacavir	decrease	serum concentration
DB00531	Cyclophosphamide	DB00001	Lepirudin	increase	risk or severity of adverse effects
DB00001	Lepirudin	DB00390	Digoxin	increase	serum concentration
DB00001	Lepirudin	DB00109	Enfuvirtide	increase	serum concentration
DB00001	Lepirudin	DB06414	Etravirine	decrease	serum concentration
DB01254	Dasatinib	DB00001	Lepirudin	increase	anticoagulant activities
DB01609	Deferasirox	DB00001	Lepirudin	increase	risk or severity of adverse effects
DB03619	Deoxycholic Acid	DB00001	Lepirudin	increase	risk or severity of adverse effects
DB00078	Ibritumomab tiuxetan	DB00001	Lepirudin	increase	risk or severity of adverse effects
DB00001	Lepirudin	DB09053	Ibrutinib	increase	risk or severity of adverse effects
DB09079	Nintedanib	DB00001	Lepirudin	increase	risk or severity of adverse effects
DB08935	Obinutuzumab	DB00001	Lepirudin	increase	risk or severity of adverse effects
DB00048	Collagenase clostridium histolyticum	DB00001	Lepirudin	increase	risk or severity of adverse effects
DB06206	Sugammadex	DB00001	Lepirudin	increase	anticoagulant activities
DB00001	Lepirudin	DB09211	Limaprost	increase	risk or severity of adverse effects
DB09070	Tibolone	DB00001	Lepirudin	increase	anticoagulant activities
DB00465	Ketorolac	DB00001	Lepirudin	increase	anticoagulant activities
DB00586	Diclofenac	DB00001	Lepirudin	increase	anticoagulant activities
DB00712	Flurbiprofen	DB00001	Lepirudin	increase	anticoagulant activities
DB00963	Bromfenac	DB00001	Lepirudin	increase	anticoagulant activities
DB06802	Nepafenac	DB00001	Lepirudin	increase	anticoagulant activities
DB00005	Etanercept	DB00001	Lepirudin	increase	anticoagulant activities
DB00179	Masoprocol	DB00001	Lepirudin	increase	anticoagulant activities
DB00210	Adapalene	DB00001	Lepirudin	increase	anticoagulant activities
DB00244	Mesalazine	DB00001	Lepirudin	increase	anticoagulant activities
DB00328	Indomethacin	DB00001	Lepirudin	increase	anticoagulant activities
DB00337	Pimecrolimus	DB00001	Lepirudin	increase	anticoagulant activities
DB00461	Nabumetone	DB00001	Lepirudin	increase	anticoagulant activities
DB00469	Tenoxicam	DB00001	Lepirudin	increase	anticoagulant activities
DB00482	Celecoxib	DB00001	Lepirudin	increase	anticoagulant activities
DB00500	Tolmetin	DB00001	Lepirudin	increase	anticoagulant activities
DB00533	Rofecoxib	DB00001	Lepirudin	increase	anticoagulant activities
DB00554	Piroxicam	DB00001	Lepirudin	increase	anticoagulant activities
DB00573	Fenoprofen	DB00001	Lepirudin	increase	anticoagulant activities
DB00580	Valdecoxib	DB00001	Lepirudin	increase	anticoagulant activities
DB00605	Sulindac	DB00001	Lepirudin	increase	anticoagulant activities
DB00608	Chloroquine	DB00001	Lepirudin	increase	anticoagulant activities
DB00688	Mycophenolate mofetil	DB00001	Lepirudin	increase	anticoagulant activities
DB00735	Naftifine	DB00001	Lepirudin	increase	anticoagulant activities
DB00744	Zileuton	DB00001	Lepirudin	increase	anticoagulant activities
DB00749	Etodolac	DB00001	Lepirudin	increase	anticoagulant activities
DB00768	Olopatadine	DB00001	Lepirudin	increase	anticoagulant activities
DB00784	Mefenamic acid	DB00001	Lepirudin	increase	anticoagulant activities
DB00788	Naproxen	DB00001	Lepirudin	increase	anticoagulant activities
DB00795	Sulfasalazine	DB00001	Lepirudin	increase	anticoagulant activities
DB00812	Phenylbutazone	DB00001	Lepirudin	increase	anticoagulant activities
DB00814	Meloxicam	DB00001	Lepirudin	increase	anticoagulant activities
DB00821	Carprofen	DB00001	Lepirudin	increase	anticoagulant activities
DB00861	Diflunisal	DB00001	Lepirudin	increase	anticoagulant activities
DB00870	Suprofen	DB00001	Lepirudin	increase	anticoagulant activities
DB00936	Salicylic acid	DB00001	Lepirudin	increase	anticoagulant activities
DB00939	Meclofenamic acid	DB00001	Lepirudin	increase	anticoagulant activities
DB00945	Acetylsalicylic acid	DB00001	Lepirudin	increase	anticoagulant activities
DB00972	Azelastine	DB00001	Lepirudin	increase	anticoagulant activities
DB00991	Oxaprozin	DB00001	Lepirudin	increase	anticoagulant activities
DB01009	Ketoprofen	DB00001	Lepirudin	increase	anticoagulant activities
DB01014	Balsalazide	DB00001	Lepirudin	increase	anticoagulant activities
DB01024	Mycophenolic acid	DB00001	Lepirudin	increase	anticoagulant activities
DB01050	Ibuprofen	DB00001	Lepirudin	increase	anticoagulant activities
DB01097	Leflunomide	DB00001	Lepirudin	increase	anticoagulant activities
DB01250	Olsalazine	DB00001	Lepirudin	increase	anticoagulant activities
DB01283	Lumiracoxib	DB00001	Lepirudin	increase	anticoagulant activities
DB01397	Magnesium salicylate	DB00001	Lepirudin	increase	anticoagulant activities
DB01399	Salsalate	DB00001	Lepirudin	increase	anticoagulant activities
DB01401	Choline magnesium trisalicylate	DB00001	Lepirudin	increase	anticoagulant activities
DB01435	Antipyrine	DB00001	Lepirudin	increase	anticoagulant activities
DB01600	Tiaprofenic acid	DB00001	Lepirudin	increase	anticoagulant activities
DB01628	Etoricoxib	DB00001	Lepirudin	increase	anticoagulant activities
DB01816	Castanospermine	DB00001	Lepirudin	increase	anticoagulant activities
DB02709	Resveratrol	DB00001	Lepirudin	increase	anticoagulant activities
DB03585	Oxyphenbutazone	DB00001	Lepirudin	increase	anticoagulant activities
DB04552	Niflumic Acid	DB00001	Lepirudin	increase	anticoagulant activities
DB04743	Nimesulide	DB00001	Lepirudin	increase	anticoagulant activities
DB04812	Benoxaprofen	DB00001	Lepirudin	increase	anticoagulant activities
DB04817	Metamizole	DB00001	Lepirudin	increase	anticoagulant activities
DB04828	Zomepirac	DB00001	Lepirudin	increase	anticoagulant activities
DB04951	Pirfenidone	DB00001	Lepirudin	increase	anticoagulant activities
DB05073	SRT501	DB00001	Lepirudin	increase	anticoagulant activities
DB05173	PTC299	DB00001	Lepirudin	increase	anticoagulant activities
DB05289	Tarenflurbil	DB00001	Lepirudin	increase	anticoagulant activities
DB05676	Apremilast	DB00001	Lepirudin	increase	anticoagulant activities
DB05767	Andrographolide	DB00001	Lepirudin	increase	anticoagulant activities
DB06196	Icatibant	DB00001	Lepirudin	increase	anticoagulant activities
DB06246	Exisulind	DB00001	Lepirudin	increase	anticoagulant activities
DB06725	Lornoxicam	DB00001	Lepirudin	increase	anticoagulant activities
DB06736	Aceclofenac	DB00001	Lepirudin	increase	anticoagulant activities
DB06737	Zaltoprofen	DB00001	Lepirudin	increase	anticoagulant activities
DB06739	Seratrodast	DB00001	Lepirudin	increase	anticoagulant activities
DB07402	Azapropazone	DB00001	Lepirudin	increase	anticoagulant activities
DB07477	Felbinac	DB00001	Lepirudin	increase	anticoagulant activities
DB07615	Tranilast	DB00001	Lepirudin	increase	anticoagulant activities
DB07767	Ferulic acid	DB00001	Lepirudin	increase	anticoagulant activities
DB08439	Parecoxib	DB00001	Lepirudin	increase	anticoagulant activities
DB08797	Salicylamide	DB00001	Lepirudin	increase	anticoagulant activities
DB08880	Teriflunomide	DB00001	Lepirudin	increase	anticoagulant activities
DB08921	(4R)-limonene	DB00001	Lepirudin	increase	anticoagulant activities
DB08940	Kebuzone	DB00001	Lepirudin	increase	anticoagulant activities
DB08942	Isoxicam	DB00001	Lepirudin	increase	anticoagulant activities
DB08951	Indoprofen	DB00001	Lepirudin	increase	anticoagulant activities
DB08955	Ibuproxam	DB00001	Lepirudin	increase	anticoagulant activities
DB08976	Floctafenine	DB00001	Lepirudin	increase	anticoagulant activities
DB08981	Fenbufen	DB00001	Lepirudin	increase	anticoagulant activities
DB08984	Etofenamate	DB00001	Lepirudin	increase	anticoagulant activities
DB08991	Epirizole	DB00001	Lepirudin	increase	anticoagulant activities
DB09212	Loxoprofen	DB00001	Lepirudin	increase	anticoagulant activities
DB09215	Droxicam	DB00001	Lepirudin	increase	anticoagulant activities
DB09216	Tolfenamic Acid	DB00001	Lepirudin	increase	anticoagulant activities
DB09218	Clonixin	DB00001	Lepirudin	increase	anticoagulant activities
DB09288	Propacetamol	DB00001	Lepirudin	increase	anticoagulant activities
DB11358	Evening primrose oil	DB00001	Lepirudin	increase	anticoagulant activities
DB11444	Orgotein	DB00001	Lepirudin	increase	anticoagulant activities
DB11466	Tepoxalin	DB00001	Lepirudin	increase	anticoagulant activities
DB11518	Flunixin	DB00001	Lepirudin	increase	anticoagulant activities
DB11672	Curcumin	DB00001	Lepirudin	increase	anticoagulant activities
DB11687	E-6201	DB00001	Lepirudin	increase	anticoagulant activities
DB11785	Anisodamine	DB00001	Lepirudin	increase	anticoagulant activities
DB11952	Duvelisib	DB00001	Lepirudin	increase	anticoagulant activities
DB12025	Triptolide	DB00001	Lepirudin	increase	anticoagulant activities
DB12094	Semapimod	DB00001	Lepirudin	increase	anticoagulant activities
DB12160	Bucillamine	DB00001	Lepirudin	increase	anticoagulant activities
DB12406	Lisofylline	DB00001	Lepirudin	increase	anticoagulant activities
DB12445	Nitroaspirin	DB00001	Lepirudin	increase	anticoagulant activities
DB12598	Nafamostat	DB00001	Lepirudin	increase	anticoagulant activities
DB12617	Mizoribine	DB00001	Lepirudin	increase	anticoagulant activities
DB12618	Apocynin	DB00001	Lepirudin	increase	anticoagulant activities
DB12779	Higenamine	DB00001	Lepirudin	increase	anticoagulant activities
DB13001	Tinoridine	DB00001	Lepirudin	increase	anticoagulant activities
DB13063	Parthenolide	DB00001	Lepirudin	increase	anticoagulant activities
DB13131	Serrapeptase	DB00001	Lepirudin	increase	anticoagulant activities
DB13167	Alclofenac	DB00001	Lepirudin	increase	anticoagulant activities
DB13217	Fentiazac	DB00001	Lepirudin	increase	anticoagulant activities
DB13227	Tribenoside	DB00001	Lepirudin	increase	anticoagulant activities
DB13232	Suxibuzone	DB00001	Lepirudin	increase	anticoagulant activities
DB13286	Bumadizone	DB00001	Lepirudin	increase	anticoagulant activities
DB13314	Alminoprofen	DB00001	Lepirudin	increase	anticoagulant activities
DB13317	Flunoxaprofen	DB00001	Lepirudin	increase	anticoagulant activities
DB13346	Bufexamac	DB00001	Lepirudin	increase	anticoagulant activities
DB13364	Feprazone	DB00001	Lepirudin	increase	anticoagulant activities
DB13371	Difenpiramide	DB00001	Lepirudin	increase	anticoagulant activities
DB13407	Nifenazone	DB00001	Lepirudin	increase	anticoagulant activities
DB13432	Lonazolac	DB00001	Lepirudin	increase	anticoagulant activities
DB13481	Tenidap	DB00001	Lepirudin	increase	anticoagulant activities
DB13501	Bendazac	DB00001	Lepirudin	increase	anticoagulant activities
DB13514	Pranoprofen	DB00001	Lepirudin	increase	anticoagulant activities
DB13524	Propyphenazone	DB00001	Lepirudin	increase	anticoagulant activities
DB13527	Proglumetacin	DB00001	Lepirudin	increase	anticoagulant activities
DB13538	Guacetisal	DB00001	Lepirudin	increase	anticoagulant activities
DB13542	Bevonium	DB00001	Lepirudin	increase	anticoagulant activities
DB13544	Ethenzamide	DB00001	Lepirudin	increase	anticoagulant activities
DB13612	Carbaspirin calcium	DB00001	Lepirudin	increase	anticoagulant activities
DB13629	Mofebutazone	DB00001	Lepirudin	increase	anticoagulant activities
DB13649	Proquazone	DB00001	Lepirudin	increase	anticoagulant activities
DB13657	Benorilate	DB00001	Lepirudin	increase	anticoagulant activities
DB13722	Pirprofen	DB00001	Lepirudin	increase	anticoagulant activities
DB13860	Imidazole salicylate	DB00001	Lepirudin	increase	anticoagulant activities
DB09084	Benzydamine	DB00001	Lepirudin	increase	anticoagulant activities
DB14043	Palmidrol	DB00001	Lepirudin	increase	anticoagulant activities
DB11133	Omega-3 fatty acids	DB00001	Lepirudin	increase	anticoagulant activities
DB00163	Vitamin E	DB00001	Lepirudin	increase	anticoagulant activities
DB00081	Tositumomab	DB00001	Lepirudin	increase	risk or severity of adverse effects
DB00006	Bivalirudin	DB00001	Lepirudin	increase	anticoagulant activities
DB00054	Abciximab	DB00001	Lepirudin	increase	anticoagulant activities
DB00102	Becaplermin	DB00001	Lepirudin	increase	anticoagulant activities
DB00266	Dicoumarol	DB00001	Lepirudin	increase	anticoagulant activities
DB00278	Argatroban	DB00001	Lepirudin	increase	anticoagulant activities
DB00407	Ardeparin	DB00001	Lepirudin	increase	anticoagulant activities
DB00498	Phenindione	DB00001	Lepirudin	increase	anticoagulant activities
DB00569	Fondaparinux	DB00001	Lepirudin	increase	anticoagulant activities
DB00682	Warfarin	DB00001	Lepirudin	increase	anticoagulant activities
DB00946	Phenprocoumon	DB00001	Lepirudin	increase	anticoagulant activities
DB00974	Edetic Acid	DB00001	Lepirudin	increase	anticoagulant activities
DB01109	Heparin	DB00001	Lepirudin	increase	anticoagulant activities
DB01225	Enoxaparin	DB00001	Lepirudin	increase	anticoagulant activities
DB01418	Acenocoumarol	DB00001	Lepirudin	increase	anticoagulant activities
DB04272	Citric Acid	DB00001	Lepirudin	increase	anticoagulant activities
DB04898	Ximelagatran	DB00001	Lepirudin	increase	anticoagulant activities
DB05099	Ancrod	DB00001	Lepirudin	increase	anticoagulant activities
DB06154	Pentaerythritol Tetranitrate	DB00001	Lepirudin	increase	anticoagulant activities
DB06271	Sulodexide	DB00001	Lepirudin	increase	anticoagulant activities
DB06406	Idraparinux	DB00001	Lepirudin	increase	anticoagulant activities
DB06635	Otamixaban	DB00001	Lepirudin	increase	anticoagulant activities
DB06754	Danaparoid	DB00001	Lepirudin	increase	anticoagulant activities
DB06779	Dalteparin	DB00001	Lepirudin	increase	anticoagulant activities
DB08794	Ethyl biscoumacetate	DB00001	Lepirudin	increase	anticoagulant activities
DB08813	Nadroparin	DB00001	Lepirudin	increase	anticoagulant activities
DB09255	Dextran	DB00001	Lepirudin	increase	anticoagulant activities
DB09259	Reviparin	DB00001	Lepirudin	increase	anticoagulant activities
DB09261	Certoparin	DB00001	Lepirudin	increase	anticoagulant activities
DB11095	Desirudin	DB00001	Lepirudin	increase	anticoagulant activities
DB11268	Protocatechualdehyde	DB00001	Lepirudin	increase	anticoagulant activities
DB11312	Protein C	DB00001	Lepirudin	increase	anticoagulant activities
DB11598	Antithrombin III human	DB00001	Lepirudin	increase	anticoagulant activities
DB11984	Letaxaban	DB00001	Lepirudin	increase	anticoagulant activities
DB12289	Darexaban	DB00001	Lepirudin	increase	anticoagulant activities
DB12831	Gabexate	DB00001	Lepirudin	increase	anticoagulant activities
DB13124	Troxerutin	DB00001	Lepirudin	increase	anticoagulant activities
DB13136	Fluindione	DB00001	Lepirudin	increase	anticoagulant activities
DB13149	Protein S human	DB00001	Lepirudin	increase	anticoagulant activities
DB13616	Melagatran	DB00001	Lepirudin	increase	anticoagulant activities
DB09125	Potassium Citrate	DB00001	Lepirudin	increase	anticoagulant activities
DB09154	Sodium Citrate	DB00001	Lepirudin	increase	anticoagulant activities
DB00233	Aminosalicylic Acid	DB00001	Lepirudin	increase	anticoagulant activities
DB06251	Dersalazine	DB00001	Lepirudin	increase	anticoagulant activities
DB06807	Phenyl aminosalicylate	DB00001	Lepirudin	increase	anticoagulant activities
DB13509	Aloxiprin	DB00001	Lepirudin	increase	anticoagulant activities
DB13864	Hemoglobin crosfumaril	DB00001	Lepirudin	increase	anticoagulant activities
DB09543	Methyl salicylate	DB00001	Lepirudin	increase	anticoagulant activities
DB11079	Trolamine salicylate	DB00001	Lepirudin	increase	anticoagulant activities
DB00009	Alteplase	DB00001	Lepirudin	increase	anticoagulant activities
DB00015	Reteplase	DB00001	Lepirudin	increase	anticoagulant activities
DB00029	Anistreplase	DB00001	Lepirudin	increase	anticoagulant activities
DB00031	Tenecteplase	DB00001	Lepirudin	increase	anticoagulant activities
DB00055	Drotrecogin alfa	DB00001	Lepirudin	increase	anticoagulant activities
DB00208	Ticlopidine	DB00001	Lepirudin	increase	anticoagulant activities
DB00775	Tirofiban	DB00001	Lepirudin	increase	anticoagulant activities
DB01166	Cilostazol	DB00001	Lepirudin	increase	anticoagulant activities
DB04932	Defibrotide	DB00001	Lepirudin	increase	anticoagulant activities
DB06822	Tinzaparin	DB00001	Lepirudin	increase	anticoagulant activities
DB13199	Brinase	DB00001	Lepirudin	increase	anticoagulant activities
DB13646	Saruplase	DB00001	Lepirudin	increase	anticoagulant activities
DB00086	Streptokinase	DB00001	Lepirudin	increase	anticoagulant activities
DB00261	Anagrelide	DB00001	Lepirudin	increase	anticoagulant activities
DB00412	Rosiglitazone	DB00001	Lepirudin	increase	anticoagulant activities
DB04925	Desmoteplase	DB00001	Lepirudin	increase	anticoagulant activities
DB05254	Fibrinolysin	DB00001	Lepirudin	increase	anticoagulant activities
DB06081	Caplacizumab	DB00001	Lepirudin	increase	anticoagulant activities
DB06392	eplivanserine	DB00001	Lepirudin	increase	anticoagulant activities
DB06543	Astaxanthin	DB00001	Lepirudin	increase	anticoagulant activities
DB09005	Batroxobin	DB00001	Lepirudin	increase	anticoagulant activities
DB12017	Ozagrel	DB00001	Lepirudin	increase	anticoagulant activities
DB12163	Sarpogrelate	DB00001	Lepirudin	increase	anticoagulant activities
DB12177	Eplivanserin	DB00001	Lepirudin	increase	anticoagulant activities
DB00063	Eptifibatide	DB00001	Lepirudin	increase	anticoagulant activities
DB00374	Treprostinil	DB00001	Lepirudin	increase	anticoagulant activities
DB00758	Clopidogrel	DB00001	Lepirudin	increase	anticoagulant activities
DB00975	Dipyridamole	DB00001	Lepirudin	increase	anticoagulant activities
DB01088	Iloprost	DB00001	Lepirudin	increase	anticoagulant activities
DB01240	Epoprostenol	DB00001	Lepirudin	increase	anticoagulant activities
DB05229	Beraprost	DB00001	Lepirudin	increase	anticoagulant activities
DB06209	Prasugrel	DB00001	Lepirudin	increase	anticoagulant activities
DB06441	Cangrelor	DB00001	Lepirudin	increase	anticoagulant activities
DB08814	Triflusal	DB00001	Lepirudin	increase	anticoagulant activities
DB08816	Ticagrelor	DB00001	Lepirudin	increase	anticoagulant activities
DB08994	Ditazole	DB00001	Lepirudin	increase	anticoagulant activities
DB09258	Bemiparin	DB00001	Lepirudin	increase	anticoagulant activities
DB09260	Parnaparin	DB00001	Lepirudin	increase	anticoagulant activities
DB11362	Selexipag	DB00001	Lepirudin	increase	anticoagulant activities
DB12545	Indobufen	DB00001	Lepirudin	increase	anticoagulant activities
DB13275	Clorindione	DB00001	Lepirudin	increase	anticoagulant activities
DB13327	Picotamide	DB00001	Lepirudin	increase	anticoagulant activities
DB13347	Diphenadione	DB00001	Lepirudin	increase	anticoagulant activities
DB13367	Cloricromen	DB00001	Lepirudin	increase	anticoagulant activities
DB13451	Tioclomarol	DB00001	Lepirudin	increase	anticoagulant activities
DB00235	Milrinone	DB00001	Lepirudin	increase	anticoagulant activities
DB00751	Epinastine	DB00001	Lepirudin	increase	anticoagulant activities
DB00770	Alprostadil	DB00001	Lepirudin	increase	anticoagulant activities
DB00806	Pentoxifylline	DB00001	Lepirudin	increase	anticoagulant activities
DB01207	Ridogrel	DB00001	Lepirudin	increase	anticoagulant activities
DB01236	Sevoflurane	DB00001	Lepirudin	increase	anticoagulant activities
DB04905	Tesmilifene	DB00001	Lepirudin	increase	anticoagulant activities
DB05266	Ibudilast	DB00001	Lepirudin	increase	anticoagulant activities
DB08887	Icosapent ethyl	DB00001	Lepirudin	increase	anticoagulant activities
DB08954	Ifenprodil	DB00001	Lepirudin	increase	anticoagulant activities
DB09283	Trapidil	DB00001	Lepirudin	increase	anticoagulant activities
DB12092	Naftopidil	DB00001	Lepirudin	increase	anticoagulant activities
DB12321	Ifetroban	DB00001	Lepirudin	increase	anticoagulant activities
DB12465	Ketanserin	DB00001	Lepirudin	increase	anticoagulant activities
DB12749	Butylphthalide	DB00001	Lepirudin	increase	anticoagulant activities
DB12771	Hydroxytyrosol	DB00001	Lepirudin	increase	anticoagulant activities
DB13036	Ramatroban	DB00001	Lepirudin	increase	anticoagulant activities
DB13400	Linsidomine	DB00001	Lepirudin	increase	anticoagulant activities
DB13510	Buflomedil	DB00001	Lepirudin	increase	anticoagulant activities
DB13929	Relcovaptan	DB00001	Lepirudin	increase	anticoagulant activities
DB00001	Lepirudin	DB13141	Ambroxol acefyllinate	decrease	serum concentration
DB00001	Lepirudin	DB00277	Theophylline	decrease	serum concentration
DB00001	Lepirudin	DB00651	Dyphylline	decrease	serum concentration
DB00001	Lepirudin	DB01223	Aminophylline	decrease	serum concentration
DB00001	Lepirudin	DB00313	Valproic Acid	decrease	serum concentration
DB00001	Lepirudin	DB00495	Zidovudine	decrease	serum concentration
DB11051	Azficel-T	DB00001	Lepirudin	increase	risk or severity of adverse effects
DB08879	Belimumab	DB00002	Cetuximab	increase	risk or severity of adverse effects
DB00072	Trastuzumab	DB00002	Cetuximab	increase	cardiotoxic activities
DB00002	Cetuximab	DB09103	Ancestim	increase	risk or severity of cytotoxicity
DB00002	Cetuximab	DB10318	Varicella Zoster Vaccine (Live/Attenuated)	decrease	therapeutic efficacy
DB00002	Cetuximab	DB10805	Yellow Fever Vaccine	decrease	therapeutic efficacy
DB00002	Cetuximab	DB10583	Clostridium tetani toxoid antigen (formaldehyde inactivated)	decrease	therapeutic efficacy
DB00002	Cetuximab	DB10584	Corynebacterium diphtheriae toxoid antigen (formaldehyde inactivated)	decrease	therapeutic efficacy
DB00002	Cetuximab	DB10276	Rotavirus Vaccine	decrease	therapeutic efficacy
DB00002	Cetuximab	DB04914	G17DT	decrease	therapeutic efficacy
DB00002	Cetuximab	DB05322	INGN 201	decrease	therapeutic efficacy
DB00002	Cetuximab	DB05325	INGN 225	decrease	therapeutic efficacy
DB00002	Cetuximab	DB05374	Rindopepimut	decrease	therapeutic efficacy
DB00002	Cetuximab	DB05440	SRP 299	decrease	therapeutic efficacy
DB00002	Cetuximab	DB05942	GI-5005	decrease	therapeutic efficacy
DB00002	Cetuximab	DB06584	TG4010	decrease	therapeutic efficacy
DB00002	Cetuximab	DB10283	Rabies virus inactivated antigen, A	decrease	therapeutic efficacy
DB00002	Cetuximab	DB12568	Tecemotide	decrease	therapeutic efficacy
DB00002	Cetuximab	DB12768	BCG vaccine	decrease	therapeutic efficacy
DB00002	Cetuximab	DB14022	Typhoid Vaccine	decrease	therapeutic efficacy
DB00002	Cetuximab	DB10317	Rubella virus vaccine	decrease	therapeutic efficacy
DB00002	Cetuximab	DB09057	Anthrax immune globulin human	decrease	therapeutic efficacy
DB00002	Cetuximab	DB10343	Bacillus calmette-guerin substrain tice live antigen	decrease	therapeutic efficacy
DB00002	Cetuximab	DB10769	Japanese encephalitis virus strain sa 14-14-2 antigen (formaldehyde inactivated)	decrease	therapeutic efficacy
DB00002	Cetuximab	DB10803	Salmonella typhi ty2 vi polysaccharide antigen	decrease	therapeutic efficacy
DB00002	Cetuximab	DB10804	Bacillus calmette-guerin substrain connaught live antigen	decrease	therapeutic efficacy
DB00002	Cetuximab	DB10989	Hepatitis A Vaccine	decrease	therapeutic efficacy
DB00002	Cetuximab	DB11050	Salmonella typhi ty21a live antigen	decrease	therapeutic efficacy
DB00002	Cetuximab	DB11603	Human rabies virus immune globulin	decrease	therapeutic efficacy
DB00002	Cetuximab	DB11627	Hepatitis B Vaccine (Recombinant)	decrease	therapeutic efficacy
DB00002	Cetuximab	DB01229	Paclitaxel	increase	risk or severity of adverse effects
DB00002	Cetuximab	DB01248	Docetaxel	increase	risk or severity of adverse effects
DB00002	Cetuximab	DB06772	Cabazitaxel	increase	risk or severity of adverse effects
DB00390	Digoxin	DB00002	Cetuximab	decrease	cardiotoxic activities
DB00511	Acetyldigitoxin	DB00002	Cetuximab	decrease	cardiotoxic activities
DB01078	Deslanoside	DB00002	Cetuximab	decrease	cardiotoxic activities
DB01092	Ouabain	DB00002	Cetuximab	decrease	cardiotoxic activities
DB01396	Digitoxin	DB00002	Cetuximab	decrease	cardiotoxic activities
DB13240	Cymarin	DB00002	Cetuximab	decrease	cardiotoxic activities
DB13307	Proscillaridin	DB00002	Cetuximab	decrease	cardiotoxic activities
DB13401	Metildigoxin	DB00002	Cetuximab	decrease	cardiotoxic activities
DB13756	Peruvoside	DB00002	Cetuximab	decrease	cardiotoxic activities
DB13467	Lanatoside C	DB00002	Cetuximab	decrease	cardiotoxic activities
DB13537	Gitoformate	DB00002	Cetuximab	decrease	cardiotoxic activities
DB13691	Acetyldigoxin	DB00002	Cetuximab	decrease	cardiotoxic activities
DB12843	Oleandrin	DB00002	Cetuximab	decrease	cardiotoxic activities
DB00076	Digoxin Immune Fab (Ovine)	DB00002	Cetuximab	decrease	cardiotoxic activities
DB00112	Bevacizumab	DB00002	Cetuximab	increase	cardiotoxic activities
DB00531	Cyclophosphamide	DB00002	Cetuximab	increase	cardiotoxic activities
DB00072	Trastuzumab	DB00004	Denileukin diftitox	increase	cardiotoxic activities
DB00004	Denileukin diftitox	DB09103	Ancestim	increase	risk or severity of cytotoxicity
DB00004	Denileukin diftitox	DB01229	Paclitaxel	increase	risk or severity of adverse effects
DB00004	Denileukin diftitox	DB01248	Docetaxel	increase	risk or severity of adverse effects
DB00004	Denileukin diftitox	DB06772	Cabazitaxel	increase	risk or severity of adverse effects
DB00390	Digoxin	DB00004	Denileukin diftitox	decrease	cardiotoxic activities
DB00511	Acetyldigitoxin	DB00004	Denileukin diftitox	decrease	cardiotoxic activities
DB01078	Deslanoside	DB00004	Denileukin diftitox	decrease	cardiotoxic activities
DB01092	Ouabain	DB00004	Denileukin diftitox	decrease	cardiotoxic activities
DB01396	Digitoxin	DB00004	Denileukin diftitox	decrease	cardiotoxic activities
DB13240	Cymarin	DB00004	Denileukin diftitox	decrease	cardiotoxic activities
DB13307	Proscillaridin	DB00004	Denileukin diftitox	decrease	cardiotoxic activities
DB13401	Metildigoxin	DB00004	Denileukin diftitox	decrease	cardiotoxic activities
DB13756	Peruvoside	DB00004	Denileukin diftitox	decrease	cardiotoxic activities
DB13467	Lanatoside C	DB00004	Denileukin diftitox	decrease	cardiotoxic activities
DB13537	Gitoformate	DB00004	Denileukin diftitox	decrease	cardiotoxic activities
DB13691	Acetyldigoxin	DB00004	Denileukin diftitox	decrease	cardiotoxic activities
DB12843	Oleandrin	DB00004	Denileukin diftitox	decrease	cardiotoxic activities
DB00076	Digoxin Immune Fab (Ovine)	DB00004	Denileukin diftitox	decrease	cardiotoxic activities
DB00112	Bevacizumab	DB00004	Denileukin diftitox	increase	cardiotoxic activities
DB00531	Cyclophosphamide	DB00004	Denileukin diftitox	increase	cardiotoxic activities
DB00005	Etanercept	DB00051	Adalimumab	increase	risk or severity of adverse effects
DB06674	Golimumab	DB00005	Etanercept	increase	risk or severity of adverse effects
DB00073	Rituximab	DB00005	Etanercept	increase	risk or severity of adverse effects
DB00005	Etanercept	DB00712	Flurbiprofen	increase	risk or severity of adverse effects
DB00005	Etanercept	DB00963	Bromfenac	increase	risk or severity of adverse effects
DB00005	Etanercept	DB06802	Nepafenac	increase	risk or severity of adverse effects
DB00533	Rofecoxib	DB00005	Etanercept	increase	risk or severity of adverse effects
DB00580	Valdecoxib	DB00005	Etanercept	increase	risk or severity of adverse effects
DB01283	Lumiracoxib	DB00005	Etanercept	increase	risk or severity of adverse effects
DB01628	Etoricoxib	DB00005	Etanercept	increase	risk or severity of adverse effects
DB08439	Parecoxib	DB00005	Etanercept	increase	risk or severity of adverse effects
DB00461	Nabumetone	DB00005	Etanercept	increase	risk or severity of adverse effects
DB00482	Celecoxib	DB00005	Etanercept	increase	risk or severity of adverse effects
DB00749	Etodolac	DB00005	Etanercept	increase	risk or severity of adverse effects
DB00159	Icosapent	DB00005	Etanercept	increase	risk or severity of adverse effects
DB00605	Sulindac	DB00005	Etanercept	increase	risk or severity of adverse effects
DB00784	Mefenamic acid	DB00005	Etanercept	increase	risk or severity of adverse effects
DB00812	Phenylbutazone	DB00005	Etanercept	increase	risk or severity of adverse effects
DB00821	Carprofen	DB00005	Etanercept	increase	risk or severity of adverse effects
DB00991	Oxaprozin	DB00005	Etanercept	increase	risk or severity of adverse effects
DB00244	Mesalazine	DB00005	Etanercept	increase	risk or severity of adverse effects
DB00316	Acetaminophen	DB00005	Etanercept	increase	risk or severity of adverse effects
DB00328	Indomethacin	DB00005	Etanercept	increase	risk or severity of adverse effects
DB00469	Tenoxicam	DB00005	Etanercept	increase	risk or severity of adverse effects
DB00500	Tolmetin	DB00005	Etanercept	increase	risk or severity of adverse effects
DB00573	Fenoprofen	DB00005	Etanercept	increase	risk or severity of adverse effects
DB00788	Naproxen	DB00005	Etanercept	increase	risk or severity of adverse effects
DB00814	Meloxicam	DB00005	Etanercept	increase	risk or severity of adverse effects
DB00861	Diflunisal	DB00005	Etanercept	increase	risk or severity of adverse effects
DB00870	Suprofen	DB00005	Etanercept	increase	risk or severity of adverse effects
DB00939	Meclofenamic acid	DB00005	Etanercept	increase	risk or severity of adverse effects
DB01009	Ketoprofen	DB00005	Etanercept	increase	risk or severity of adverse effects
DB01014	Balsalazide	DB00005	Etanercept	increase	risk or severity of adverse effects
DB01050	Ibuprofen	DB00005	Etanercept	increase	risk or severity of adverse effects
DB01399	Salsalate	DB00005	Etanercept	increase	risk or severity of adverse effects
DB00936	Salicylic acid	DB00005	Etanercept	increase	risk or severity of adverse effects
DB01404	Ginseng	DB00005	Etanercept	increase	risk or severity of adverse effects
DB01600	Tiaprofenic acid	DB00005	Etanercept	increase	risk or severity of adverse effects
DB04743	Nimesulide	DB00005	Etanercept	increase	risk or severity of adverse effects
DB02709	Resveratrol	DB00005	Etanercept	increase	risk or severity of adverse effects
DB00554	Piroxicam	DB00005	Etanercept	increase	risk or severity of adverse effects
DB01397	Magnesium salicylate	DB00005	Etanercept	increase	risk or severity of adverse effects
DB06725	Lornoxicam	DB00005	Etanercept	increase	risk or severity of adverse effects
DB00795	Sulfasalazine	DB00005	Etanercept	increase	risk or severity of adverse effects
DB04552	Niflumic Acid	DB00005	Etanercept	increase	risk or severity of adverse effects
DB01435	Antipyrine	DB00005	Etanercept	increase	risk or severity of adverse effects
DB01419	Antrafenine	DB00005	Etanercept	increase	risk or severity of adverse effects
DB01401	Choline magnesium trisalicylate	DB00005	Etanercept	increase	risk or severity of adverse effects
DB00233	Aminosalicylic Acid	DB00005	Etanercept	increase	risk or severity of adverse effects
DB06774	Capsaicin	DB00005	Etanercept	increase	risk or severity of adverse effects
DB00856	Chlorphenesin	DB00005	Etanercept	increase	risk or severity of adverse effects
DB05095	Cimicoxib	DB00005	Etanercept	increase	risk or severity of adverse effects
DB00720	Clodronic Acid	DB00005	Etanercept	increase	risk or severity of adverse effects
DB06195	Seliciclib	DB00005	Etanercept	increase	risk or severity of adverse effects
DB00515	Cisplatin	DB00005	Etanercept	increase	risk or severity of adverse effects
DB00620	Triamcinolone	DB00005	Etanercept	increase	risk or severity of adverse effects
DB08910	Pomalidomide	DB00005	Etanercept	increase	risk or severity of adverse effects
DB09213	Dexibuprofen	DB00005	Etanercept	increase	risk or severity of adverse effects
DB06736	Aceclofenac	DB00005	Etanercept	increase	risk or severity of adverse effects
DB09215	Droxicam	DB00005	Etanercept	increase	risk or severity of adverse effects
DB11079	Trolamine salicylate	DB00005	Etanercept	increase	risk or severity of adverse effects
DB13346	Bufexamac	DB00005	Etanercept	increase	risk or severity of adverse effects
DB13961	Fish oil	DB00005	Etanercept	increase	risk or severity of adverse effects
DB00005	Etanercept	DB00179	Masoprocol	increase	risk or severity of adverse effects
DB00005	Etanercept	DB00210	Adapalene	increase	risk or severity of adverse effects
DB00005	Etanercept	DB00608	Chloroquine	increase	risk or severity of adverse effects
DB00005	Etanercept	DB00688	Mycophenolate mofetil	increase	risk or severity of adverse effects
DB00005	Etanercept	DB00735	Naftifine	increase	risk or severity of adverse effects
DB00005	Etanercept	DB00744	Zileuton	increase	risk or severity of adverse effects
DB00005	Etanercept	DB00768	Olopatadine	increase	risk or severity of adverse effects
DB00005	Etanercept	DB00972	Azelastine	increase	risk or severity of adverse effects
DB00005	Etanercept	DB01024	Mycophenolic acid	increase	risk or severity of adverse effects
DB00005	Etanercept	DB01250	Olsalazine	increase	risk or severity of adverse effects
DB00005	Etanercept	DB01816	Castanospermine	increase	risk or severity of adverse effects
DB00005	Etanercept	DB03585	Oxyphenbutazone	increase	risk or severity of adverse effects
DB00005	Etanercept	DB04812	Benoxaprofen	increase	risk or severity of adverse effects
DB00005	Etanercept	DB04817	Metamizole	increase	risk or severity of adverse effects
DB00005	Etanercept	DB04828	Zomepirac	increase	risk or severity of adverse effects
DB00005	Etanercept	DB04951	Pirfenidone	increase	risk or severity of adverse effects
DB00005	Etanercept	DB05073	SRT501	increase	risk or severity of adverse effects
DB00005	Etanercept	DB05173	PTC299	increase	risk or severity of adverse effects
DB00005	Etanercept	DB05289	Tarenflurbil	increase	risk or severity of adverse effects
DB00005	Etanercept	DB05676	Apremilast	increase	risk or severity of adverse effects
DB00005	Etanercept	DB05767	Andrographolide	increase	risk or severity of adverse effects
DB00005	Etanercept	DB06196	Icatibant	increase	risk or severity of adverse effects
DB00005	Etanercept	DB06246	Exisulind	increase	risk or severity of adverse effects
DB00005	Etanercept	DB06737	Zaltoprofen	increase	risk or severity of adverse effects
DB00005	Etanercept	DB06739	Seratrodast	increase	risk or severity of adverse effects
DB00005	Etanercept	DB07402	Azapropazone	increase	risk or severity of adverse effects
DB00005	Etanercept	DB07477	Felbinac	increase	risk or severity of adverse effects
DB00005	Etanercept	DB07615	Tranilast	increase	risk or severity of adverse effects
DB00005	Etanercept	DB07767	Ferulic acid	increase	risk or severity of adverse effects
DB00005	Etanercept	DB08797	Salicylamide	increase	risk or severity of adverse effects
DB00005	Etanercept	DB08880	Teriflunomide	increase	risk or severity of adverse effects
DB00005	Etanercept	DB08921	(4R)-limonene	increase	risk or severity of adverse effects
DB00005	Etanercept	DB08940	Kebuzone	increase	risk or severity of adverse effects
DB00005	Etanercept	DB08942	Isoxicam	increase	risk or severity of adverse effects
DB00005	Etanercept	DB08951	Indoprofen	increase	risk or severity of adverse effects
DB00005	Etanercept	DB08955	Ibuproxam	increase	risk or severity of adverse effects
DB00005	Etanercept	DB08981	Fenbufen	increase	risk or severity of adverse effects
DB00005	Etanercept	DB08984	Etofenamate	increase	risk or severity of adverse effects
DB00005	Etanercept	DB08991	Epirizole	increase	risk or severity of adverse effects
DB00005	Etanercept	DB09212	Loxoprofen	increase	risk or severity of adverse effects
DB00005	Etanercept	DB09216	Tolfenamic Acid	increase	risk or severity of adverse effects
DB00005	Etanercept	DB09218	Clonixin	increase	risk or severity of adverse effects
DB00005	Etanercept	DB09288	Propacetamol	increase	risk or severity of adverse effects
DB00005	Etanercept	DB11358	Evening primrose oil	increase	risk or severity of adverse effects
DB00005	Etanercept	DB11444	Orgotein	increase	risk or severity of adverse effects
DB00005	Etanercept	DB11466	Tepoxalin	increase	risk or severity of adverse effects
DB00005	Etanercept	DB11518	Flunixin	increase	risk or severity of adverse effects
DB00005	Etanercept	DB11672	Curcumin	increase	risk or severity of adverse effects
DB00005	Etanercept	DB11687	E-6201	increase	risk or severity of adverse effects
DB00005	Etanercept	DB11785	Anisodamine	increase	risk or severity of adverse effects
DB00005	Etanercept	DB11952	Duvelisib	increase	risk or severity of adverse effects
DB00005	Etanercept	DB12025	Triptolide	increase	risk or severity of adverse effects
DB00005	Etanercept	DB12094	Semapimod	increase	risk or severity of adverse effects
DB00005	Etanercept	DB12160	Bucillamine	increase	risk or severity of adverse effects
DB00005	Etanercept	DB12406	Lisofylline	increase	risk or severity of adverse effects
DB00005	Etanercept	DB12445	Nitroaspirin	increase	risk or severity of adverse effects
DB00005	Etanercept	DB12545	Indobufen	increase	risk or severity of adverse effects
DB00005	Etanercept	DB12598	Nafamostat	increase	risk or severity of adverse effects
DB00005	Etanercept	DB12617	Mizoribine	increase	risk or severity of adverse effects
DB00005	Etanercept	DB12618	Apocynin	increase	risk or severity of adverse effects
DB00005	Etanercept	DB12779	Higenamine	increase	risk or severity of adverse effects
DB00005	Etanercept	DB13001	Tinoridine	increase	risk or severity of adverse effects
DB00005	Etanercept	DB13063	Parthenolide	increase	risk or severity of adverse effects
DB00005	Etanercept	DB13131	Serrapeptase	increase	risk or severity of adverse effects
DB00005	Etanercept	DB13167	Alclofenac	increase	risk or severity of adverse effects
DB00005	Etanercept	DB13217	Fentiazac	increase	risk or severity of adverse effects
DB00005	Etanercept	DB13227	Tribenoside	increase	risk or severity of adverse effects
DB00005	Etanercept	DB13232	Suxibuzone	increase	risk or severity of adverse effects
DB00005	Etanercept	DB13286	Bumadizone	increase	risk or severity of adverse effects
DB00005	Etanercept	DB13314	Alminoprofen	increase	risk or severity of adverse effects
DB00005	Etanercept	DB13317	Flunoxaprofen	increase	risk or severity of adverse effects
DB00005	Etanercept	DB13364	Feprazone	increase	risk or severity of adverse effects
DB00005	Etanercept	DB13371	Difenpiramide	increase	risk or severity of adverse effects
DB00005	Etanercept	DB13407	Nifenazone	increase	risk or severity of adverse effects
DB00005	Etanercept	DB13432	Lonazolac	increase	risk or severity of adverse effects
DB00005	Etanercept	DB13481	Tenidap	increase	risk or severity of adverse effects
DB00005	Etanercept	DB13501	Bendazac	increase	risk or severity of adverse effects
DB00005	Etanercept	DB13514	Pranoprofen	increase	risk or severity of adverse effects
DB00005	Etanercept	DB13524	Propyphenazone	increase	risk or severity of adverse effects
DB00005	Etanercept	DB13527	Proglumetacin	increase	risk or severity of adverse effects
DB00005	Etanercept	DB13538	Guacetisal	increase	risk or severity of adverse effects
DB00005	Etanercept	DB13542	Bevonium	increase	risk or severity of adverse effects
DB00005	Etanercept	DB13544	Ethenzamide	increase	risk or severity of adverse effects
DB00005	Etanercept	DB13612	Carbaspirin calcium	increase	risk or severity of adverse effects
DB00005	Etanercept	DB13629	Mofebutazone	increase	risk or severity of adverse effects
DB00005	Etanercept	DB13649	Proquazone	increase	risk or severity of adverse effects
DB00005	Etanercept	DB13657	Benorilate	increase	risk or severity of adverse effects
DB00005	Etanercept	DB13722	Pirprofen	increase	risk or severity of adverse effects
DB00005	Etanercept	DB13860	Imidazole salicylate	increase	risk or severity of adverse effects
DB00005	Etanercept	DB09084	Benzydamine	increase	risk or severity of adverse effects
DB00005	Etanercept	DB14043	Palmidrol	increase	risk or severity of adverse effects
DB00005	Etanercept	DB08976	Floctafenine	increase	risk or severity of adverse effects
DB13783	Acemetacin	DB00005	Etanercept	increase	risk or severity of adverse effects
DB01281	Abatacept	DB00005	Etanercept	increase	risk or severity of infection
DB00026	Anakinra	DB00005	Etanercept	increase	risk or severity of adverse effects
DB08879	Belimumab	DB00005	Etanercept	increase	risk or severity of adverse effects
DB06168	Canakinumab	DB00005	Etanercept	increase	risk or severity of infection
DB08904	Certolizumab pegol	DB00005	Etanercept	increase	risk or severity of infection
DB00531	Cyclophosphamide	DB00005	Etanercept	increase	risk or severity of adverse effects
DB00005	Etanercept	DB00065	Infliximab	increase	immunosuppressive activities
DB00108	Natalizumab	DB00005	Etanercept	increase	risk or severity of adverse effects
DB00005	Etanercept	DB00337	Pimecrolimus	increase	risk or severity of adverse effects
DB06372	Rilonacept	DB00005	Etanercept	increase	risk or severity of adverse effects
DB06273	Tocilizumab	DB00005	Etanercept	increase	immunosuppressive activities
DB08895	Tofacitinib	DB00005	Etanercept	increase	risk or severity of adverse effects
DB09033	Vedolizumab	DB00005	Etanercept	increase	risk or severity of infection
DB00864	Tacrolimus	DB00005	Etanercept	increase	immunosuppressive activities
DB00005	Etanercept	DB09214	Dexketoprofen	increase	risk or severity of adverse effects
DB00005	Etanercept	DB00465	Ketorolac	increase	risk or severity of adverse effects
DB00005	Etanercept	DB09285	Morniflumate	increase	risk or severity of adverse effects
DB04865	Omacetaxine mepesuccinate	DB00005	Etanercept	increase	risk or severity of bleeding
DB00005	Etanercept	DB09295	Talniflumate	increase	risk or severity of adverse effects
DB00005	Etanercept	DB13615	Mifamurtide	decrease	therapeutic efficacy
DB00005	Etanercept	DB12768	BCG vaccine	decrease	therapeutic efficacy
DB10318	Varicella Zoster Vaccine (Live/Attenuated)	DB00005	Etanercept	increase	risk or severity of adverse effects
DB10805	Yellow Fever Vaccine	DB00005	Etanercept	increase	risk or severity of adverse effects
DB10583	Clostridium tetani toxoid antigen (formaldehyde inactivated)	DB00005	Etanercept	increase	risk or severity of adverse effects
DB10584	Corynebacterium diphtheriae toxoid antigen (formaldehyde inactivated)	DB00005	Etanercept	increase	risk or severity of adverse effects
DB10276	Rotavirus Vaccine	DB00005	Etanercept	increase	risk or severity of adverse effects
DB04914	G17DT	DB00005	Etanercept	increase	risk or severity of adverse effects
DB05322	INGN 201	DB00005	Etanercept	increase	risk or severity of adverse effects
DB05325	INGN 225	DB00005	Etanercept	increase	risk or severity of adverse effects
DB05374	Rindopepimut	DB00005	Etanercept	increase	risk or severity of adverse effects
DB05440	SRP 299	DB00005	Etanercept	increase	risk or severity of adverse effects
DB05942	GI-5005	DB00005	Etanercept	increase	risk or severity of adverse effects
DB06584	TG4010	DB00005	Etanercept	increase	risk or severity of adverse effects
DB10283	Rabies virus inactivated antigen, A	DB00005	Etanercept	increase	risk or severity of adverse effects
DB12568	Tecemotide	DB00005	Etanercept	increase	risk or severity of adverse effects
DB14022	Typhoid Vaccine	DB00005	Etanercept	increase	risk or severity of adverse effects
DB10317	Rubella virus vaccine	DB00005	Etanercept	increase	risk or severity of adverse effects
DB09057	Anthrax immune globulin human	DB00005	Etanercept	increase	risk or severity of adverse effects
DB10343	Bacillus calmette-guerin substrain tice live antigen	DB00005	Etanercept	increase	risk or severity of adverse effects
DB10769	Japanese encephalitis virus strain sa 14-14-2 antigen (formaldehyde inactivated)	DB00005	Etanercept	increase	risk or severity of adverse effects
DB10803	Salmonella typhi ty2 vi polysaccharide antigen	DB00005	Etanercept	increase	risk or severity of adverse effects
DB10804	Bacillus calmette-guerin substrain connaught live antigen	DB00005	Etanercept	increase	risk or severity of adverse effects
DB10989	Hepatitis A Vaccine	DB00005	Etanercept	increase	risk or severity of adverse effects
DB11050	Salmonella typhi ty21a live antigen	DB00005	Etanercept	increase	risk or severity of adverse effects
DB11603	Human rabies virus immune globulin	DB00005	Etanercept	increase	risk or severity of adverse effects
DB11627	Hepatitis B Vaccine (Recombinant)	DB00005	Etanercept	increase	risk or severity of adverse effects
DB11767	Sarilumab	DB00005	Etanercept	increase	immunosuppressive activities
DB00005	Etanercept	DB00214	Torasemide	decrease	therapeutic efficacy
DB00005	Etanercept	DB00695	Furosemide	decrease	therapeutic efficacy
DB00005	Etanercept	DB00887	Bumetanide	decrease	therapeutic efficacy
DB00005	Etanercept	DB00903	Etacrynic acid	decrease	therapeutic efficacy
DB00005	Etanercept	DB08961	Azosemide	decrease	therapeutic efficacy
DB00005	Etanercept	DB02925	Piretanide	decrease	therapeutic efficacy
DB00005	Etanercept	DB01325	Quinethazone	decrease	therapeutic efficacy
DB00005	Etanercept	DB00232	Methyclothiazide	decrease	therapeutic efficacy
DB00005	Etanercept	DB00310	Chlorthalidone	decrease	therapeutic efficacy
DB00005	Etanercept	DB00774	Hydroflumethiazide	decrease	therapeutic efficacy
DB00005	Etanercept	DB01021	Trichlormethiazide	decrease	therapeutic efficacy
DB00005	Etanercept	DB01356	Lithium	increase	serum concentration
DB00005	Etanercept	DB00563	Methotrexate	increase	serum concentration
DB00300	Tenofovir disoproxil	DB00005	Etanercept	increase	risk or severity of adverse effects
DB09449	Sodium phosphate	DB00005	Etanercept	increase	nephrotoxic activities
DB00005	Etanercept	DB12364	Betrixaban	increase	risk or severity of bleeding
DB01097	Leflunomide	DB00005	Etanercept	increase	risk or severity of adverse effects
DB00005	Etanercept	DB08868	Fingolimod	increase	immunosuppressive activities
DB01656	Roflumilast	DB00005	Etanercept	increase	immunosuppressive activities
DB00005	Etanercept	DB00091	Cyclosporine	increase	nephrotoxic activities
DB00005	Etanercept	DB00586	Diclofenac	increase	risk or severity of adverse effects
DB11988	Ocrelizumab	DB00005	Etanercept	increase	immunosuppressive activities
DB00005	Etanercept	DB10283	Rabies virus inactivated antigen, A	decrease	therapeutic efficacy
DB00375	Colestipol	DB00005	Etanercept	decrease	absorption
DB00930	Colesevelam	DB00005	Etanercept	decrease	absorption
DB01432	Cholestyramine	DB00005	Etanercept	decrease	absorption
DB00005	Etanercept	DB00479	Amikacin	decrease	excretion rate
DB00005	Etanercept	DB00684	Tobramycin	decrease	excretion rate
DB00005	Etanercept	DB00798	Gentamicin	decrease	excretion rate
DB00005	Etanercept	DB00994	Neomycin	decrease	excretion rate
DB00005	Etanercept	DB01082	Streptomycin	decrease	excretion rate
DB00005	Etanercept	DB00452	Framycetin	decrease	excretion rate
DB00005	Etanercept	DB00955	Netilmicin	decrease	excretion rate
DB00005	Etanercept	DB01172	Kanamycin	decrease	excretion rate
DB00005	Etanercept	DB01421	Paromomycin	decrease	excretion rate
DB00005	Etanercept	DB03615	Ribostamycin	decrease	excretion rate
DB00005	Etanercept	DB04263	Geneticin	decrease	excretion rate
DB00005	Etanercept	DB04626	Apramycin	decrease	excretion rate
DB00005	Etanercept	DB04729	GENTAMICIN C1A	decrease	excretion rate
DB00005	Etanercept	DB04808	Neamine	decrease	excretion rate
DB00005	Etanercept	DB06696	Arbekacin	decrease	excretion rate
DB00005	Etanercept	DB08437	Puromycin	decrease	excretion rate
DB00005	Etanercept	DB11512	Dihydrostreptomycin	decrease	excretion rate
DB00005	Etanercept	DB11520	Hygromycin B	decrease	excretion rate
DB00005	Etanercept	DB12604	Sisomicin	decrease	excretion rate
DB00005	Etanercept	DB12615	Plazomicin	decrease	excretion rate
DB00005	Etanercept	DB13270	Dibekacin	decrease	excretion rate
DB00005	Etanercept	DB13274	Micronomicin	decrease	excretion rate
DB00005	Etanercept	DB13540	Isepamicin	decrease	excretion rate
DB00005	Etanercept	DB13673	Bekanamycin	decrease	excretion rate
DB00005	Etanercept	DB00255	Diethylstilbestrol	increase	thrombogenic activities
DB00005	Etanercept	DB00269	Chlorotrianisene	increase	thrombogenic activities
DB00005	Etanercept	DB00286	Conjugated estrogens	increase	thrombogenic activities
DB00005	Etanercept	DB00783	Estradiol	increase	thrombogenic activities
DB00005	Etanercept	DB00890	Dienestrol	increase	thrombogenic activities
DB00005	Etanercept	DB00977	Ethinyl Estradiol	increase	thrombogenic activities
DB00005	Etanercept	DB09369	Polyestradiol phosphate	increase	thrombogenic activities
DB00005	Etanercept	DB01357	Mestranol	increase	thrombogenic activities
DB00005	Etanercept	DB01645	Genistein	increase	thrombogenic activities
DB00005	Etanercept	DB04575	Quinestrol	increase	thrombogenic activities
DB00005	Etanercept	DB07931	Hexestrol	increase	thrombogenic activities
DB00005	Etanercept	DB09317	Synthetic Conjugated Estrogens, A	increase	thrombogenic activities
DB00005	Etanercept	DB09318	Synthetic Conjugated Estrogens, B	increase	thrombogenic activities
DB00005	Etanercept	DB11478	Zeranol	increase	thrombogenic activities
DB00005	Etanercept	DB11674	Equol	increase	thrombogenic activities
DB00005	Etanercept	DB12179	Secoisolariciresinol	increase	thrombogenic activities
DB00005	Etanercept	DB13182	Daidzein	increase	thrombogenic activities
DB00005	Etanercept	DB13386	Epimestrol	increase	thrombogenic activities
DB00005	Etanercept	DB04573	Estriol	increase	thrombogenic activities
DB00005	Etanercept	DB09070	Tibolone	increase	thrombogenic activities
DB00005	Etanercept	DB12487	Promestriene	increase	thrombogenic activities
DB00005	Etanercept	DB13143	Methallenestril	increase	thrombogenic activities
DB00005	Etanercept	DB13418	Moxestrol	increase	thrombogenic activities
DB00005	Etanercept	DB13952	Estradiol acetate	increase	thrombogenic activities
DB00005	Etanercept	DB13954	Estradiol cypionate	increase	thrombogenic activities
DB00005	Etanercept	DB13956	Estradiol valerate	increase	thrombogenic activities
DB00005	Etanercept	DB09381	Estrogens, esterified	increase	thrombogenic activities
DB00005	Etanercept	DB06401	Bazedoxifene	increase	thrombogenic activities
DB00005	Etanercept	DB09026	Aliskiren	decrease	antihypertensive activities
DB00476	Duloxetine	DB00005	Etanercept	increase	antiplatelet activities
DB01149	Nefazodone	DB00005	Etanercept	increase	antiplatelet activities
DB06700	Desvenlafaxine	DB00005	Etanercept	increase	antiplatelet activities
DB04896	Milnacipran	DB00005	Etanercept	increase	antiplatelet activities
DB00285	Venlafaxine	DB00005	Etanercept	increase	antiplatelet activities
DB08918	Levomilnacipran	DB00005	Etanercept	increase	antiplatelet activities
DB04884	Dapoxetine	DB00005	Etanercept	increase	antiplatelet activities
DB08953	Indalpine	DB00005	Etanercept	increase	antiplatelet activities
DB00176	Fluvoxamine	DB00005	Etanercept	increase	antiplatelet activities
DB00215	Citalopram	DB00005	Etanercept	increase	antiplatelet activities
DB00472	Fluoxetine	DB00005	Etanercept	increase	antiplatelet activities
DB00715	Paroxetine	DB00005	Etanercept	increase	antiplatelet activities
DB01104	Sertraline	DB00005	Etanercept	increase	antiplatelet activities
DB01175	Escitalopram	DB00005	Etanercept	increase	antiplatelet activities
DB04832	Zimelidine	DB00005	Etanercept	increase	antiplatelet activities
DB09194	Etoperidone	DB00005	Etanercept	increase	antiplatelet activities
DB13233	Alaproclate	DB00005	Etanercept	increase	antiplatelet activities
DB01609	Deferasirox	DB00005	Etanercept	increase	risk or severity of adverse effects
DB00005	Etanercept	DB13275	Clorindione	increase	anticoagulant activities
DB00005	Etanercept	DB13347	Diphenadione	increase	anticoagulant activities
DB00005	Etanercept	DB13451	Tioclomarol	increase	anticoagulant activities
DB00035	Desmopressin	DB00005	Etanercept	increase	risk or severity of adverse effects
DB00005	Etanercept	DB00365	Grepafloxacin	increase	neuroexcitatory activities
DB00005	Etanercept	DB00467	Enoxacin	increase	neuroexcitatory activities
DB00005	Etanercept	DB00487	Pefloxacin	increase	neuroexcitatory activities
DB00005	Etanercept	DB00685	Trovafloxacin	increase	neuroexcitatory activities
DB00005	Etanercept	DB00779	Nalidixic Acid	increase	neuroexcitatory activities
DB00005	Etanercept	DB00817	Rosoxacin	increase	neuroexcitatory activities
DB00005	Etanercept	DB00827	Cinoxacin	increase	neuroexcitatory activities
DB00005	Etanercept	DB01044	Gatifloxacin	increase	neuroexcitatory activities
DB00005	Etanercept	DB01059	Norfloxacin	increase	neuroexcitatory activities
DB00005	Etanercept	DB01137	Levofloxacin	increase	neuroexcitatory activities
DB00005	Etanercept	DB01155	Gemifloxacin	increase	neuroexcitatory activities
DB00005	Etanercept	DB01208	Sparfloxacin	increase	neuroexcitatory activities
DB00005	Etanercept	DB01405	Temafloxacin	increase	neuroexcitatory activities
DB00005	Etanercept	DB04576	Fleroxacin	increase	neuroexcitatory activities
DB00005	Etanercept	DB06160	Garenoxacin	increase	neuroexcitatory activities
DB00005	Etanercept	DB06600	Nemonoxacin	increase	neuroexcitatory activities
DB00005	Etanercept	DB08972	Flumequine	increase	neuroexcitatory activities
DB00005	Etanercept	DB11774	Pazufloxacin	increase	neuroexcitatory activities
DB00005	Etanercept	DB11892	Prulifloxacin	increase	neuroexcitatory activities
DB00005	Etanercept	DB13261	Sitafloxacin	increase	neuroexcitatory activities
DB00005	Etanercept	DB13627	Oxolinic acid	increase	neuroexcitatory activities
DB00005	Etanercept	DB13744	Piromidic acid	increase	neuroexcitatory activities
DB00005	Etanercept	DB13772	Rufloxacin	increase	neuroexcitatory activities
DB00005	Etanercept	DB13823	Pipemidic acid	increase	neuroexcitatory activities
DB00005	Etanercept	DB00218	Moxifloxacin	increase	neuroexcitatory activities
DB00005	Etanercept	DB00537	Ciprofloxacin	increase	neuroexcitatory activities
DB00005	Etanercept	DB00978	Lomefloxacin	increase	neuroexcitatory activities
DB00005	Etanercept	DB01165	Ofloxacin	increase	neuroexcitatory activities
DB00005	Etanercept	DB00390	Digoxin	increase	serum concentration
DB00005	Etanercept	DB01395	Drospirenone	increase	hyperkalemic activities
DB00005	Etanercept	DB00700	Eplerenone	decrease	antihypertensive activities
DB00502	Haloperidol	DB00005	Etanercept	increase	risk or severity of adverse effects
DB00005	Etanercept	DB01275	Hydralazine	decrease	antihypertensive activities
DB00005	Etanercept	DB06813	Pralatrexate	increase	serum concentration
DB01032	Probenecid	DB00005	Etanercept	increase	serum concentration
DB00005	Etanercept	DB00374	Treprostinil	increase	risk or severity of adverse effects
DB00005	Etanercept	DB00512	Vancomycin	increase	serum concentration
DB00005	Etanercept	DB00880	Chlorothiazide	decrease	therapeutic efficacy
DB00005	Etanercept	DB00999	Hydrochlorothiazide	decrease	therapeutic efficacy
DB00005	Etanercept	DB13989	Epitizide	decrease	therapeutic efficacy
DB00005	Etanercept	DB00436	Bendroflumethiazide	decrease	therapeutic efficacy
DB00005	Etanercept	DB00524	Metolazone	decrease	therapeutic efficacy
DB00005	Etanercept	DB00808	Indapamide	decrease	therapeutic efficacy
DB00005	Etanercept	DB01324	Polythiazide	decrease	therapeutic efficacy
DB00005	Etanercept	DB13532	Cyclopenthiazide	decrease	therapeutic efficacy
DB00005	Etanercept	DB00562	Benzthiazide	decrease	therapeutic efficacy
DB00005	Etanercept	DB06643	Denosumab	increase	risk or severity of adverse effects
DB00005	Etanercept	DB06688	Sipuleucel-T	decrease	therapeutic efficacy
DB00072	Trastuzumab	DB00005	Etanercept	increase	neutropenic activities
DB00884	Risedronate	DB00005	Etanercept	increase	risk or severity of adverse effects
DB01077	Etidronic acid	DB00005	Etanercept	increase	risk or severity of adverse effects
DB00282	Pamidronate	DB00005	Etanercept	increase	risk or severity of adverse effects
DB00399	Zoledronic acid	DB00005	Etanercept	increase	risk or severity of adverse effects
DB00710	Ibandronate	DB00005	Etanercept	increase	risk or severity of adverse effects
DB00630	Alendronic acid	DB00005	Etanercept	increase	risk or severity of adverse effects
DB09138	Technetium Tc-99m medronate	DB00005	Etanercept	increase	risk or severity of adverse effects
DB09411	Technetium Tc-99m etidronate	DB00005	Etanercept	increase	risk or severity of adverse effects
DB01133	Tiludronic acid	DB00005	Etanercept	increase	risk or severity of adverse effects
DB00005	Etanercept	DB00429	Carboprost Tromethamine	decrease	therapeutic efficacy
DB00005	Etanercept	DB00917	Dinoprostone	decrease	therapeutic efficacy
DB00005	Etanercept	DB00929	Misoprostol	decrease	therapeutic efficacy
DB00005	Etanercept	DB08964	Gemeprost	decrease	therapeutic efficacy
DB00005	Etanercept	DB12789	Dinoprost	decrease	therapeutic efficacy
DB00005	Etanercept	DB12708	Sulprostone	decrease	therapeutic efficacy
DB00005	Etanercept	DB13824	Enprostil	decrease	therapeutic efficacy
DB00005	Etanercept	DB00158	Folic Acid	decrease	therapeutic efficacy
DB00005	Etanercept	DB00287	Travoprost	decrease	therapeutic efficacy
DB00005	Etanercept	DB00654	Latanoprost	decrease	therapeutic efficacy
DB00005	Etanercept	DB00770	Alprostadil	decrease	therapeutic efficacy
DB00005	Etanercept	DB00905	Bimatoprost	decrease	therapeutic efficacy
DB00005	Etanercept	DB01046	Lubiprostone	decrease	therapeutic efficacy
DB00005	Etanercept	DB01088	Iloprost	decrease	therapeutic efficacy
DB00005	Etanercept	DB01160	Dinoprost Tromethamine	decrease	therapeutic efficacy
DB00005	Etanercept	DB01240	Epoprostenol	decrease	therapeutic efficacy
DB00005	Etanercept	DB02304	Prostaglandin B2	decrease	therapeutic efficacy
DB00005	Etanercept	DB03866	Prostaglandin G2	decrease	therapeutic efficacy
DB00005	Etanercept	DB05229	Beraprost	decrease	therapeutic efficacy
DB00005	Etanercept	DB06826	Unoprostone	decrease	therapeutic efficacy
DB00005	Etanercept	DB08819	Tafluprost	decrease	therapeutic efficacy
DB00005	Etanercept	DB09211	Limaprost	decrease	therapeutic efficacy
DB00005	Etanercept	DB11411	Fenprostalene	decrease	therapeutic efficacy
DB00005	Etanercept	DB11425	Luprostiol	decrease	therapeutic efficacy
DB00005	Etanercept	DB11454	Prostalene	decrease	therapeutic efficacy
DB00005	Etanercept	DB11507	Cloprostenol	decrease	therapeutic efficacy
DB00005	Etanercept	DB11519	Fluprostenol	decrease	therapeutic efficacy
DB00005	Etanercept	DB11660	Latanoprostene Bunod	decrease	therapeutic efficacy
DB00005	Etanercept	DB00006	Bivalirudin	increase	anticoagulant activities
DB00005	Etanercept	DB00054	Abciximab	increase	anticoagulant activities
DB00005	Etanercept	DB00102	Becaplermin	increase	anticoagulant activities
DB00005	Etanercept	DB00266	Dicoumarol	increase	anticoagulant activities
DB00005	Etanercept	DB00278	Argatroban	increase	anticoagulant activities
DB00005	Etanercept	DB00407	Ardeparin	increase	anticoagulant activities
DB00005	Etanercept	DB00498	Phenindione	increase	anticoagulant activities
DB00005	Etanercept	DB00569	Fondaparinux	increase	anticoagulant activities
DB00005	Etanercept	DB00682	Warfarin	increase	anticoagulant activities
DB00005	Etanercept	DB00686	Pentosan Polysulfate	increase	anticoagulant activities
DB00005	Etanercept	DB00946	Phenprocoumon	increase	anticoagulant activities
DB00005	Etanercept	DB00974	Edetic Acid	increase	anticoagulant activities
DB00005	Etanercept	DB01109	Heparin	increase	anticoagulant activities
DB00005	Etanercept	DB01225	Enoxaparin	increase	anticoagulant activities
DB00005	Etanercept	DB01418	Acenocoumarol	increase	anticoagulant activities
DB00005	Etanercept	DB04272	Citric Acid	increase	anticoagulant activities
DB00005	Etanercept	DB04898	Ximelagatran	increase	anticoagulant activities
DB00005	Etanercept	DB05099	Ancrod	increase	anticoagulant activities
DB00005	Etanercept	DB06154	Pentaerythritol Tetranitrate	increase	anticoagulant activities
DB00005	Etanercept	DB06228	Rivaroxaban	increase	anticoagulant activities
DB00005	Etanercept	DB06271	Sulodexide	increase	anticoagulant activities
DB00005	Etanercept	DB06406	Idraparinux	increase	anticoagulant activities
DB00005	Etanercept	DB06605	Apixaban	increase	anticoagulant activities
DB00005	Etanercept	DB06635	Otamixaban	increase	anticoagulant activities
DB00005	Etanercept	DB06695	Dabigatran etexilate	increase	anticoagulant activities
DB00005	Etanercept	DB06754	Danaparoid	increase	anticoagulant activities
DB00005	Etanercept	DB06779	Dalteparin	increase	anticoagulant activities
DB00005	Etanercept	DB08794	Ethyl biscoumacetate	increase	anticoagulant activities
DB00005	Etanercept	DB08813	Nadroparin	increase	anticoagulant activities
DB00005	Etanercept	DB09075	Edoxaban	increase	anticoagulant activities
DB00005	Etanercept	DB09255	Dextran	increase	anticoagulant activities
DB00005	Etanercept	DB09259	Reviparin	increase	anticoagulant activities
DB00005	Etanercept	DB09261	Certoparin	increase	anticoagulant activities
DB00005	Etanercept	DB11095	Desirudin	increase	anticoagulant activities
DB00005	Etanercept	DB11268	Protocatechualdehyde	increase	anticoagulant activities
DB00005	Etanercept	DB11312	Protein C	increase	anticoagulant activities
DB00005	Etanercept	DB11598	Antithrombin III human	increase	anticoagulant activities
DB00005	Etanercept	DB11984	Letaxaban	increase	anticoagulant activities
DB00005	Etanercept	DB12289	Darexaban	increase	anticoagulant activities
DB00005	Etanercept	DB12831	Gabexate	increase	anticoagulant activities
DB00005	Etanercept	DB13124	Troxerutin	increase	anticoagulant activities
DB00005	Etanercept	DB13136	Fluindione	increase	anticoagulant activities
DB00005	Etanercept	DB13149	Protein S human	increase	anticoagulant activities
DB00005	Etanercept	DB13616	Melagatran	increase	anticoagulant activities
DB00005	Etanercept	DB09125	Potassium Citrate	increase	anticoagulant activities
DB00005	Etanercept	DB09154	Sodium Citrate	increase	anticoagulant activities
DB00005	Etanercept	DB00001	Lepirudin	increase	anticoagulant activities
DB00324	Fluorometholone	DB00005	Etanercept	increase	risk or severity of adverse effects
DB00394	Beclomethasone dipropionate	DB00005	Etanercept	increase	risk or severity of adverse effects
DB00443	Betamethasone	DB00005	Etanercept	increase	risk or severity of adverse effects
DB00741	Hydrocortisone	DB00005	Etanercept	increase	risk or severity of adverse effects
DB00860	Prednisolone	DB00005	Etanercept	increase	risk or severity of adverse effects
DB01047	Fluocinonide	DB00005	Etanercept	increase	risk or severity of adverse effects
DB01222	Budesonide	DB00005	Etanercept	increase	risk or severity of adverse effects
DB01234	Dexamethasone	DB00005	Etanercept	increase	risk or severity of adverse effects
DB01410	Ciclesonide	DB00005	Etanercept	increase	risk or severity of adverse effects
DB09091	Tixocortol	DB00005	Etanercept	increase	risk or severity of adverse effects
DB00591	Fluocinolone Acetonide	DB00005	Etanercept	increase	risk or severity of adverse effects
DB00223	Diflorasone	DB00005	Etanercept	increase	risk or severity of adverse effects
DB00240	Alclometasone	DB00005	Etanercept	increase	risk or severity of adverse effects
DB00288	Amcinonide	DB00005	Etanercept	increase	risk or severity of adverse effects
DB00547	Desoximetasone	DB00005	Etanercept	increase	risk or severity of adverse effects
DB00838	Clocortolone	DB00005	Etanercept	increase	risk or severity of adverse effects
DB00846	Flurandrenolide	DB00005	Etanercept	increase	risk or severity of adverse effects
DB00896	Rimexolone	DB00005	Etanercept	increase	risk or severity of adverse effects
DB00959	Methylprednisolone	DB00005	Etanercept	increase	risk or severity of adverse effects
DB01013	Clobetasol propionate	DB00005	Etanercept	increase	risk or severity of adverse effects
DB01130	Prednicarbate	DB00005	Etanercept	increase	risk or severity of adverse effects
DB01380	Cortisone acetate	DB00005	Etanercept	increase	risk or severity of adverse effects
DB00180	Flunisolide	DB00005	Etanercept	increase	risk or severity of adverse effects
DB00588	Fluticasone propionate	DB00005	Etanercept	increase	risk or severity of adverse effects
DB00764	Mometasone	DB00005	Etanercept	increase	risk or severity of adverse effects
DB00873	Loteprednol	DB00005	Etanercept	increase	risk or severity of adverse effects
DB08906	Fluticasone furoate	DB00005	Etanercept	increase	risk or severity of adverse effects
DB06781	Difluprednate	DB00005	Etanercept	increase	risk or severity of adverse effects
DB08971	Fluocortolone	DB00005	Etanercept	increase	risk or severity of adverse effects
DB00253	Medrysone	DB00005	Etanercept	increase	risk or severity of adverse effects
DB00635	Prednisone	DB00005	Etanercept	increase	risk or severity of adverse effects
DB00655	Estrone	DB00005	Etanercept	increase	risk or severity of adverse effects
DB00663	Flumethasone	DB00005	Etanercept	increase	risk or severity of adverse effects
DB00687	Fludrocortisone	DB00005	Etanercept	increase	risk or severity of adverse effects
DB01134	Desoxycorticosterone Pivalate	DB00005	Etanercept	increase	risk or severity of adverse effects
DB01384	Paramethasone	DB00005	Etanercept	increase	risk or severity of adverse effects
DB01434	19-norandrostenedione	DB00005	Etanercept	increase	risk or severity of adverse effects
DB01456	5-androstenedione	DB00005	Etanercept	increase	risk or severity of adverse effects
DB01536	Androstenedione	DB00005	Etanercept	increase	risk or severity of adverse effects
DB01708	Prasterone	DB00005	Etanercept	increase	risk or severity of adverse effects
DB02187	Equilin	DB00005	Etanercept	increase	risk or severity of adverse effects
DB02789	Pregnenolone	DB00005	Etanercept	increase	risk or severity of adverse effects
DB03515	Equilenin	DB00005	Etanercept	increase	risk or severity of adverse effects
DB04574	Estrone sulfate	DB00005	Etanercept	increase	risk or severity of adverse effects
DB04630	Aldosterone	DB00005	Etanercept	increase	risk or severity of adverse effects
DB04652	Corticosterone	DB00005	Etanercept	increase	risk or severity of adverse effects
DB04870	Oleoyl-estrone	DB00005	Etanercept	increase	risk or severity of adverse effects
DB05107	16-Bromoepiandrosterone	DB00005	Etanercept	increase	risk or severity of adverse effects
DB05212	HE3286	DB00005	Etanercept	increase	risk or severity of adverse effects
DB05288	anecortave acetate	DB00005	Etanercept	increase	risk or severity of adverse effects
DB05402	ME-609	DB00005	Etanercept	increase	risk or severity of adverse effects
DB05410	NCX 1022	DB00005	Etanercept	increase	risk or severity of adverse effects
DB05804	Prasterone sulfate	DB00005	Etanercept	increase	risk or severity of adverse effects
DB06157	Istaroxime	DB00005	Etanercept	increase	risk or severity of adverse effects
DB06250	Fluasterone	DB00005	Etanercept	increase	risk or severity of adverse effects
DB06780	Desoxycorticosterone acetate	DB00005	Etanercept	increase	risk or severity of adverse effects
DB08905	Formestane	DB00005	Etanercept	increase	risk or severity of adverse effects
DB08970	Fluprednidene	DB00005	Etanercept	increase	risk or severity of adverse effects
DB09095	Difluocortolone	DB00005	Etanercept	increase	risk or severity of adverse effects
DB09378	Fluprednisolone	DB00005	Etanercept	increase	risk or severity of adverse effects
DB11487	Dexamethasone isonicotinate	DB00005	Etanercept	increase	risk or severity of adverse effects
DB11529	Melengestrol	DB00005	Etanercept	increase	risk or severity of adverse effects
DB11750	Clobetasol	DB00005	Etanercept	increase	risk or severity of adverse effects
DB12081	Anecortave	DB00005	Etanercept	increase	risk or severity of adverse effects
DB12194	Atamestane	DB00005	Etanercept	increase	risk or severity of adverse effects
DB12499	Cortexolone 17Œ±-propionate	DB00005	Etanercept	increase	risk or severity of adverse effects
DB13158	Clobetasone	DB00005	Etanercept	increase	risk or severity of adverse effects
DB00596	Ulobetasol	DB00005	Etanercept	increase	risk or severity of adverse effects
DB01260	Desonide	DB00005	Etanercept	increase	risk or severity of adverse effects
DB06786	Halcinonide	DB00005	Etanercept	increase	risk or severity of adverse effects
DB11921	Deflazacort	DB00005	Etanercept	increase	risk or severity of adverse effects
DB13867	Fluticasone	DB00005	Etanercept	increase	risk or severity of adverse effects
DB00005	Etanercept	DB00177	Valsartan	increase	risk or severity of adverse effects
DB00005	Etanercept	DB00275	Olmesartan	increase	risk or severity of adverse effects
DB00005	Etanercept	DB00678	Losartan	increase	risk or severity of adverse effects
DB00005	Etanercept	DB00796	Candesartan cilexetil	increase	risk or severity of adverse effects
DB00005	Etanercept	DB00876	Eprosartan	increase	risk or severity of adverse effects
DB00005	Etanercept	DB00966	Telmisartan	increase	risk or severity of adverse effects
DB00005	Etanercept	DB01029	Irbesartan	increase	risk or severity of adverse effects
DB00005	Etanercept	DB01347	Saprisartan	increase	risk or severity of adverse effects
DB00005	Etanercept	DB01349	Tasosartan	increase	risk or severity of adverse effects
DB00005	Etanercept	DB08822	Azilsartan medoxomil	increase	risk or severity of adverse effects
DB00005	Etanercept	DB13919	Candesartan	increase	risk or severity of adverse effects
DB00005	Etanercept	DB06763	Saralasin	increase	risk or severity of adverse effects
DB00005	Etanercept	DB09292	Sacubitril	increase	risk or severity of adverse effects
DB00005	Etanercept	DB01342	Forasartan	increase	risk or severity of adverse effects
DB00005	Etanercept	DB09279	Fimasartan	increase	risk or severity of adverse effects
DB00178	Ramipril	DB00005	Etanercept	increase	risk or severity of adverse effects
DB00492	Fosinopril	DB00005	Etanercept	increase	risk or severity of adverse effects
DB00519	Trandolapril	DB00005	Etanercept	increase	risk or severity of adverse effects
DB00542	Benazepril	DB00005	Etanercept	increase	risk or severity of adverse effects
DB00584	Enalapril	DB00005	Etanercept	increase	risk or severity of adverse effects
DB00691	Moexipril	DB00005	Etanercept	increase	risk or severity of adverse effects
DB00722	Lisinopril	DB00005	Etanercept	increase	risk or severity of adverse effects
DB00790	Perindopril	DB00005	Etanercept	increase	risk or severity of adverse effects
