GeneSymbol	DiseaseName
A1BG	Hepatomegaly
A1BG	Schizophrenia
A2M	Acute Kidney Injury
A2M	Adenoma, Liver Cell
A2M	alpha-2-Macroglobulin Deficiency
A2M	Alzheimer Disease
A2M	Carcinoma, Hepatocellular
A2M	Colonic Neoplasms
A2M	Hepatolenticular Degeneration
A2M	Liver Cirrhosis
A2M	Liver Cirrhosis, Experimental
A2M	Lung Diseases
A2M	Lung Neoplasms
A2M	Nephrotic Syndrome
A2ML1	Otitis Media
A4GALT	Burkitt Lymphoma
AAAS	Achalasia Addisonianism Alacrimia syndrome
AAAS	Prostatic Neoplasms
AADAC	Liver Cirrhosis, Experimental
AADAT	Liver Cirrhosis, Experimental
AAGAB	Keratoderma, Palmoplantar
AAGAB	Keratosis palmoplantaris papulosa
AANAT	Sleep Disorders, Circadian Rhythm
AARS	Charcot-Marie-Tooth Disease, Axonal, Type 2n
AARS	EPILEPTIC ENCEPHALOPATHY, EARLY INFANTILE, 29
AARS2	COMBINED OXIDATIVE PHOSPHORYLATION DEFICIENCY 8
AARS2	LEUKOENCEPHALOPATHY, PROGRESSIVE, WITH OVARIAN FAILURE
AASS	Hyperlysinemias
AASS	Saccharopinuria
ABAT	Autistic Disorder
ABAT	Gamma aminobutyric acid transaminase deficiency
ABAT	Gastroesophageal Reflux
ABAT	Genetic Predisposition to Disease
ABAT	Lethargy
ABAT	Liver Cirrhosis, Experimental
ABAT	Muscle Hypotonia
ABAT	Psychomotor Disorders
ABAT	Reflex, Abnormal
ABAT	Seizures
ABCA1	Atherosclerosis
ABCA1	Colorectal Neoplasms
ABCA1	Familial HDL deficiency
ABCA1	Hypercholesterolemia
ABCA1	HYPERCHOLESTEROLEMIA, FAMILIAL
ABCA1	Hyperlipoproteinemia Type II
ABCA1	Hypoalphalipoproteinemias
ABCA1	Kidney Failure, Chronic
ABCA1	Peripheral Nervous System Diseases
ABCA1	Tangier Disease
ABCA10	Colorectal Neoplasms
ABCA12	Colorectal Neoplasms
ABCA12	Harlequin type ichthyosis
ABCA12	Ichthyosis, Lamellar
ABCA12	Lamellar ichthyosis, type 2
ABCA13	Colorectal Neoplasms
ABCA13	Disease Progression
ABCA3	Colorectal Neoplasms
ABCA3	Emphysema
ABCA3	Hypertension, Pulmonary
ABCA3	Pulmonary Fibrosis
ABCA3	Surfactant Metabolism Dysfunction, Pulmonary, 3
ABCA4	Cleft Lip
ABCA4	Colorectal Neoplasms
ABCA4	Cone-Rod Dystrophy 3
ABCA4	Macular Degeneration
ABCA4	Macular Degeneration, Age-Related, 2
ABCA4	Retinitis Pigmentosa
ABCA4	Retinitis Pigmentosa 19
ABCA4	Stargardt disease 1
ABCA5	Colorectal Neoplasms
ABCA6	Colorectal Neoplasms
ABCA6	Dermatitis, Allergic Contact
ABCA7	Alzheimer Disease
ABCA7	Alzheimer Disease 9
ABCA7	Disease Progression
ABCA8	Colorectal Neoplasms
ABCA8A	Liver Cirrhosis, Experimental
ABCA9	Colorectal Neoplasms
ABCB1	Adrenocortical Carcinoma
ABCB1	Arthritis, Experimental
ABCB1	Arthritis, Rheumatoid
ABCB1	Breast Neoplasms
ABCB1	Carcinoma
ABCB1	Carcinoma, Hepatocellular
ABCB1	Carcinoma, Non-Small-Cell Lung
ABCB1	Carcinoma, squamous cell of head and neck
ABCB1	Chemical and Drug Induced Liver Injury
ABCB1	Colorectal Neoplasms
ABCB1	Disease Progression
ABCB1	Drug-Related Side Effects and Adverse Reactions
ABCB1	Epilepsy
ABCB1	Escherichia coli Infections
ABCB1	Esophageal Neoplasms
ABCB1	Genetic Predisposition to Disease
ABCB1	Heart Defects, Congenital
ABCB1	Hematologic Neoplasms
ABCB1	Hypotension, Orthostatic
ABCB1	Inflammatory Bowel Disease 13
ABCB1	Kidney Neoplasms
ABCB1	Liver Cirrhosis, Experimental
ABCB1	Lymphoma, Large B-Cell, Diffuse
ABCB1	Marijuana Abuse
ABCB1	Mental Disorders
ABCB1	Nausea
ABCB1	Neoplasm Metastasis
ABCB1	Neoplasms
ABCB1	Nervous System Diseases
ABCB1	Neuroblastoma
ABCB1	Neurotoxicity Syndromes
ABCB1	Neutropenia
ABCB1	Pain, Postoperative
ABCB1	Parkinson Disease
ABCB1	Parkinson Disease, Secondary
ABCB1	Peripheral Nervous System Diseases
ABCB1	Poisoning
ABCB1	Precursor Cell Lymphoblastic Leukemia-Lymphoma
ABCB1	Translocation, Genetic
ABCB1	Vomiting
ABCB10	Colorectal Neoplasms
ABCB11	Afibrinogenemia
ABCB11	Cholestasis
ABCB11	CHOLESTASIS, BENIGN RECURRENT INTRAHEPATIC, 2
ABCB11	Cholestasis, Intrahepatic
ABCB11	Cholestasis, progressive familial intrahepatic 1
ABCB11	Cholestasis, progressive familial intrahepatic 2
ABCB11	Colorectal Neoplasms
ABCB11	Pruritus
ABCB1A	Chemical and Drug Induced Liver Injury
ABCB1A	Drug-Related Side Effects and Adverse Reactions
ABCB1A	Heart Diseases
ABCB1A	Hyperlipidemias
ABCB1A	Kidney Diseases
ABCB1A	Liver Cirrhosis, Experimental
ABCB1A	Pain
ABCB1A	Reperfusion Injury
ABCB1A	Seizures
ABCB1A	Status Epilepticus
ABCB1B	Breast Neoplasms
ABCB1B	Chemical and Drug Induced Liver Injury
ABCB1B	Endotoxemia
ABCB1B	Liver Neoplasms
ABCB1B	Mammary Neoplasms, Experimental
ABCB1B	Status Epilepticus
ABCB4	Carcinoma, Hepatocellular
ABCB4	Cholangitis
ABCB4	Cholangitis, Sclerosing
ABCB4	Cholestasis, progressive familial intrahepatic 1
ABCB4	Cholestasis, progressive familial intrahepatic 3
ABCB4	Colorectal Neoplasms
ABCB4	Disease Models, Animal
ABCB4	Disease Progression
ABCB4	End Stage Liver Disease
ABCB4	GALLBLADDER DISEASE 1
ABCB4	Inflammation
ABCB4	Intrahepatic Cholestasis of Pregnancy
ABCB4	Jaundice, Obstructive
ABCB4	Liver Cirrhosis
ABCB4	Liver Cirrhosis, Biliary
ABCB4	Non-alcoholic Fatty Liver Disease
ABCB5	Colorectal Neoplasms
ABCB5	Melanoma
ABCB6	Colorectal Neoplasms
ABCB6	DYSCHROMATOSIS UNIVERSALIS HEREDITARIA 3
ABCB6	MICROPHTHALMIA, ISOLATED, WITH COLOBOMA 7
ABCB6	Polycystic Ovary Syndrome
ABCB6	Pseudohyperkalemia, Familial, 2, due to Red Cell Leak
ABCB7	Anemia, Sideroblastic
ABCB7	Anemia, sideroblastic spinocerebellar ataxia
ABCB7	Ataxia
ABCC1	Breast Neoplasms
ABCC1	Carcinoma, squamous cell of head and neck
ABCC1	Chemical and Drug Induced Liver Injury
ABCC1	Colorectal Neoplasms
ABCC1	Disease Progression
ABCC1	Drug-Related Side Effects and Adverse Reactions
ABCC1	Heart Diseases
ABCC1	Hypertension
ABCC1	Peripheral Nervous System Diseases
ABCC11	Disease Progression
ABCC12	Bone Marrow Diseases
ABCC12	Drug-Related Side Effects and Adverse Reactions
ABCC13	Colorectal Neoplasms
ABCC2	Alopecia
ABCC2	Arthritis, Rheumatoid
ABCC2	Carcinoma, squamous cell of head and neck
ABCC2	Chemical and Drug Induced Liver Injury
ABCC2	Cholestasis
ABCC2	Colorectal Neoplasms
ABCC2	Drug Hypersensitivity
ABCC2	Drug-Related Side Effects and Adverse Reactions
ABCC2	Esophageal Squamous Cell Carcinoma
ABCC2	Gastrointestinal Diseases
ABCC2	Heart Diseases
ABCC2	Hyperbilirubinemia
ABCC2	Jaundice, Chronic Idiopathic
ABCC2	Liver Cirrhosis, Biliary
ABCC2	Liver Cirrhosis, Experimental
ABCC2	Nervous System Diseases
ABCC2	Seizures
ABCC2	Status Epilepticus
ABCC3	Arthritis, Rheumatoid
ABCC3	Cholestasis
ABCC3	Colorectal Neoplasms
ABCC3	Hepatomegaly
ABCC4	Arthritis, Rheumatoid
ABCC4	Colorectal Neoplasms
ABCC4	Drug-Related Side Effects and Adverse Reactions
ABCC4	Endometriosis
ABCC4	Neoplasm Metastasis
ABCC4	Prostatic Neoplasms
ABCC4	Substance-Related Disorders
ABCC5	Arthritis, Rheumatoid
ABCC5	Colorectal Neoplasms
ABCC5	Liver Cirrhosis, Experimental
ABCC6	Arterial calcification of infancy
ABCC6	Colorectal Neoplasms
ABCC6	Disease Models, Animal
ABCC6	Disease Progression
ABCC6	Pseudoxanthoma Elasticum
ABCC6A	Arterial calcification of infancy
ABCC6A	Disease Models, Animal
ABCC6A	Pseudoxanthoma Elasticum
ABCC8	Colorectal Neoplasms
ABCC8	Congenital Hyperinsulinism
ABCC8	Diabetes Mellitus, Permanent Neonatal
ABCC8	Diabetes Mellitus, Transient Neonatal, 2
ABCC8	Diabetes Mellitus, Type 1
ABCC8	Diabetes Mellitus, Type 2
ABCC8	Hypoglycemia, leucine-induced
ABCC9	ATRIAL FIBRILLATION, FAMILIAL, 12
ABCC9	Cantu syndrome
ABCC9	Cardiomyopathy, Dilated, 1o
ABCC9	Endometrial Neoplasms
ABCC9	Endometriosis
ABCD1	Adrenoleukodystrophy
ABCD2	Colorectal Neoplasms
ABCD3	BILE ACID SYNTHESIS DEFECT, CONGENITAL, 5
ABCD3	Colorectal Neoplasms
ABCD3	Zellweger Syndrome
ABCD4	Colorectal Neoplasms
ABCD4	Disease Progression
ABCD4	Metabolism, Inborn Errors
ABCD4	METHYLMALONIC ACIDURIA AND HOMOCYSTINURIA, cblJ TYPE
ABCD4	Vitamin B 12 Deficiency
ABCE1	Colorectal Neoplasms
ABCF1	Disease Progression
ABCF1	Hypersensitivity
ABCF1	Pneumonia
ABCF2	Disease Progression
ABCG1	Colorectal Neoplasms
ABCG1	Kidney Failure, Chronic
ABCG1	Liver Cirrhosis, Experimental
ABCG1	Weight Gain
ABCG2	Adenoma
ABCG2	Arthritis, Rheumatoid
ABCG2	Breast Neoplasms
ABCG2	Carcinoma, squamous cell of head and neck
ABCG2	Colorectal Neoplasms
ABCG2	Drug-Related Side Effects and Adverse Reactions
ABCG2	Gout
ABCG2	Hyperuricemia
ABCG2	Liver Cirrhosis, Biliary
ABCG2	Lymphoma, Large B-Cell, Diffuse
ABCG2	Mammary Neoplasms, Experimental
ABCG2	Nervous System Diseases
ABCG2	Precursor T-Cell Lymphoblastic Leukemia-Lymphoma
ABCG2	URIC ACID CONCENTRATION, SERUM, QUANTITATIVE TRAIT LOCUS 1
ABCG5	Atherosclerosis
ABCG5	Coronary Artery Disease
ABCG5	Coronary Disease
ABCG5	Dyslipidemias
ABCG5	Lipid Metabolism, Inborn Errors
ABCG5	Liver Cirrhosis, Experimental
ABCG5	Prostatic Neoplasms
ABCG5	Sitosterolemia
ABCG5	Xanthomatosis
ABCG8	Coronary Artery Disease
ABCG8	Gallbladder Disease 4
ABCG8	Gallstones
ABCG8	Liver Cirrhosis, Experimental
ABCG8	Sitosterolemia
ABHD12	Polyneuropathy, Hearing Loss, Ataxia, Retinitis Pigmentosa, And Cataract
ABHD5	Chanarin-Dorfman Syndrome
ABI3	Alzheimer Disease
ABI3BP	Endometriosis
ABL1	Adenocarcinoma
ABL1	Bone Diseases, Developmental
ABL1	Breast Neoplasms
ABL1	Carcinogenesis
ABL1	Esophageal Neoplasms
ABL1	Failure to Thrive
ABL1	Heart Defects, Congenital
ABL1	Leukemia, Myelogenous, Chronic, BCR-ABL Positive
ABL1	Liver Neoplasms
ABL1	Musculoskeletal Abnormalities
ABL1	Neoplasms, Experimental
ABL1	Precancerous Conditions
ABL1	Precursor Cell Lymphoblastic Leukemia-Lymphoma
ABLIM1	Substance-Related Disorders
ABLIM3	Liver Cirrhosis, Experimental
ABO	Coronary Artery Disease
ABO	Duodenal Ulcer
ABO	Ovarian epithelial cancer
ABO	Pancreatic Neoplasms
ABO	Prostatic Neoplasms
ABR	Prostatic Neoplasms
ABRA	Cardiomyopathy, Dilated
ABT1	Disease Progression
ABT1	Stomach Neoplasms
ACAA1B	Heart Failure
ACAA2	Osteoarthritis
ACAA2	Respiratory Distress Syndrome, Adult
ACACA	Acetyl-Coa Carboxylase Deficiency
ACACA	Carcinoma, Hepatocellular
ACACA	Heart Failure
ACACB	Insulin Resistance
ACACB	Obesity
ACAD8	Disease Progression
ACAD8	Isobutyryl-CoA dehydrogenase deficiency
ACAD8	Stomach Neoplasms
ACAD9	Acyl-CoA Dehydrogenase Family, Member 9, Deficiency of
ACADM	Enterocolitis, Necrotizing
ACADM	Liver Failure
ACADM	Medium chain acyl CoA dehydrogenase deficiency
ACADM	Obesity
ACADM	Weight Gain
ACADS	Short chain Acyl CoA dehydrogenase deficiency
ACADSB	2-Methylbutyryl-CoA Dehydrogenase Deficiency
ACADSB	Autistic Disorder
ACADVL	Hypoxia
ACADVL	VLCAD deficiency
ACAN	Arthritis, Rheumatoid
ACAN	Muscular Dystrophy, Facioscapulohumeral
ACAN	Pneumoconiosis
ACAN	SHORT STATURE AND ADVANCED BONE AGE, WITH OR WITHOUT EARLY-ONSET OSTEOARTHRITIS AND/OR OSTEOCHONDRITIS DISSECANS
ACAN	Spondyloepimetaphyseal Dysplasia, Aggrecan Type
ACAN	Spondyloepiphyseal Dysplasia, Kimberley Type
ACAT1	Beta ketothiolase deficiency
ACAT1	Kidney Failure, Chronic
ACAT1	Liver Cirrhosis, Experimental
ACAT1	Seizures
ACAT2	Cytosolic acetoacetyl-CoA thiolase deficiency
ACBD4	Liver Cirrhosis, Experimental
ACBD6	Intellectual Disability
ACD	DYSKERATOSIS CONGENITA, AUTOSOMAL DOMINANT 6
ACE	Adenocarcinoma
ACE	Albuminuria
ACE	Allanson Pantzar McLeod syndrome
ACE	Alzheimer Disease
ACE	Arrhythmias, Cardiac
ACE	Atrial Fibrillation
ACE	Autistic Disorder
ACE	Berylliosis
ACE	Brain Ischemia
ACE	Carcinoma, Hepatocellular
ACE	Cardiovascular Diseases
ACE	Cerebral Hemorrhage
ACE	Coronary Artery Disease
ACE	Coronary Disease
ACE	Coronary Restenosis
ACE	Cough
ACE	Death, Sudden
ACE	Diabetes Mellitus, Experimental
ACE	Diabetic Nephropathies
ACE	Drug Hypersensitivity
ACE	Gaucher Disease
ACE	Genetic Predisposition to Disease
ACE	Glomerulonephritis, IGA
ACE	Glycogen Storage Disease Type V
ACE	Heart Failure
ACE	Hypertension
ACE	Hypertension, Pulmonary
ACE	Hypertrophy, Left Ventricular
ACE	Hypotension
ACE	Infant, Premature, Diseases
ACE	Infertility, Male
ACE	Kidney Diseases
ACE	Kidney Failure, Chronic
ACE	Lung Diseases
ACE	Lung Neoplasms
ACE	Meningococcal Infections
ACE	MICROVASCULAR COMPLICATIONS OF DIABETES, SUSCEPTIBILITY TO, 3
ACE	Myocardial Infarction
ACE	Neoplasm Metastasis
ACE	Non-alcoholic Fatty Liver Disease
ACE	Pneumonia, Viral
ACE	Pre-Eclampsia
ACE	Prostatic Neoplasms
ACE	Psychoses, Substance-Induced
ACE	Renal Insufficiency
ACE	RENAL TUBULAR DYSGENESIS
ACE	Respiratory Tract Diseases
ACE	Severe Acute Respiratory Syndrome
ACE	Staphylococcal Infections
ACE	Stomach Neoplasms
ACE	Stroke
ACE	Vascular System Injuries
ACE	Weight Gain
ACE2	Abortion, Spontaneous
ACE2	Aortic Aneurysm, Abdominal
ACE2	Diabetic Nephropathies
ACE2	Endomyocardial Fibrosis
ACER3	Melanoma
ACHE	Alzheimer Disease
ACHE	Amphetamine-Related Disorders
ACHE	Amyloidosis
ACHE	Breast Neoplasms
ACHE	Carcinoma, Renal Cell
ACHE	Drug-Related Side Effects and Adverse Reactions
ACHE	Growth Disorders
ACHE	Learning Disorders
ACHE	Liver Cirrhosis, Experimental
ACHE	Memory Disorders
ACHE	Movement Disorders
ACHE	Muscular Dystrophies
ACHE	Nervous System Diseases
ACHE	Poisoning
ACHE	Prenatal Injuries
ACHE	Prostatic Neoplasms
ACHE	Tremor
ACKR1	Malaria
ACKR3	Arthritis, Rheumatoid
ACKR3	Carcinoma
ACKR3	Colorectal Neoplasms
ACKR3	Kidney Diseases
ACKR3	Liver Cirrhosis, Experimental
ACKR3	Neoplasm Metastasis
ACKR4	Abortion, Spontaneous
ACLY	Carcinoma, Hepatocellular
ACLY	Heart Failure
ACLY	Obesity
ACO1	Neoplasm Invasiveness
ACO1	Osteoarthritis
ACO2	Carcinoma, Hepatocellular
ACO2	INFANTILE CEREBELLAR-RETINAL DEGENERATION
ACO2	OPTIC ATROPHY 9
ACO2	Respiratory Distress Syndrome, Adult
ACOT1	Diabetes Mellitus, Experimental
ACOT1	Hepatomegaly
ACOT1	Liver Neoplasms
ACOT2	Myocardial Ischemia
ACOT6	Schizophrenia
ACOT9	Liver Cirrhosis, Experimental
ACOX1	Carcinoma, Hepatocellular
ACOX1	Diabetes Mellitus, Experimental
ACOX1	Peroxisomal ACYL-COA oxidase deficiency
ACOX2	BILE ACID SYNTHESIS DEFECT, CONGENITAL, 6
ACOX2	Liver Cirrhosis, Experimental
ACOXL	Leukemia, Lymphocytic, Chronic, B-Cell
ACP2	Acid Phosphatase Deficiency
ACP4	AMELOGENESIS IMPERFECTA, TYPE IJ
ACP5	Combined Immunodeficiency with Autoimmunity and Spondylometaphyseal Dysplasia
ACP5	Hyperparathyroidism, Secondary
ACP5	Liver Cirrhosis, Experimental
ACP5	Obesity
ACP5	Spondyloenchondrodysplasia
ACPP	Arthritis, Juvenile
ACRBP	Arthritis, Juvenile
ACRBP	Prostatic Neoplasms
ACSF3	Combined Malonic and Methylmalonic Aciduria
ACSF3	Malonic aciduria
ACSF3	Methylmalonic acidemia
ACSL1	Arthritis, Experimental
ACSL1	Carcinoma
ACSL1	Diabetes Mellitus, Experimental
ACSL1	Liver Cirrhosis, Experimental
ACSL1	Mammary Neoplasms, Animal
ACSL1	Mammary Neoplasms, Experimental
ACSL1	Obesity
ACSL4	Arthritis, Experimental
ACSL4	Carcinoma, Hepatocellular
ACSL4	Depressive Disorder
ACSL4	Erythema
ACSL4	Mental Retardation, X-Linked 63
ACSL4	Prostatic Neoplasms
ACSL5	Arthritis, Experimental
ACSL6	Amphetamine-Related Disorders
ACSM1	Lung Neoplasms
ACSM3	Prostatic Neoplasms
ACTA1	Hypertrophy, Left Ventricular
ACTA1	Myopathies, Structural, Congenital
ACTA1	MYOPATHY, SCAPULOHUMEROPERONEAL
ACTA1	NEMALINE MYOPATHY 3;NEM3 MYOPATHY, ACTIN, CONGENITAL, WITH EXCESS OF THIN MYOFILAMENTS,
ACTA2	Aortic Aneurysm, Familial Thoracic 6
ACTA2	Aortic Aneurysm, Thoracic
ACTA2	Breast Neoplasms
ACTA2	Cholestasis, Extrahepatic
ACTA2	Colonic Neoplasms
ACTA2	Copper-Overload Cirrhosis
ACTA2	Endometriosis
ACTA2	Fetal Growth Retardation
ACTA2	Glomerulosclerosis, Focal Segmental
ACTA2	Hepatitis, Chronic
ACTA2	Ischemia
ACTA2	Kidney Diseases
ACTA2	Liver Cirrhosis
ACTA2	Liver Cirrhosis, Experimental
ACTA2	Liver Diseases
ACTA2	MOYAMOYA DISEASE 5
ACTA2	Myocardial Infarction
ACTA2	Nephrogenic Fibrosing Dermopathy
ACTA2	Scleroderma, Systemic
ACTB	BARAITSER-WINTER SYNDROME 1
ACTB	Carcinoma
ACTB	Carcinoma, Hepatocellular
ACTB	Coloboma
ACTB	Craniofacial Abnormalities
ACTB	Dysostoses
ACTB	Dystonia
ACTB	Esophageal Neoplasms
ACTB	Hearing Loss, Sensorineural
ACTB	Hypoxia
ACTB	Juvenile-onset dystonia
ACTB	Lung Neoplasms
ACTB	Mammary Neoplasms, Animal
ACTB	Mammary Neoplasms, Experimental
ACTB	Myocardial Ischemia
ACTB	Neoplasm Invasiveness
ACTB	Nervous System Malformations
ACTB	Osteoarthritis
ACTC1	Atrial Septal Defect 5
ACTC1	Cardiomyopathy, Dilated
ACTC1	Cardiomyopathy, Familial Hypertrophic, 11
ACTC1	Precancerous Conditions
ACTC1	Refractive Errors
ACTC1	Stomach Neoplasms
ACTG1	Acute Coronary Syndrome
ACTG1	BARAITSER-WINTER SYNDROME 2
ACTG1	Carcinoma
ACTG1	Cell Transformation, Neoplastic
ACTG1	Coloboma
ACTG1	Craniofacial Abnormalities
ACTG1	Deafness, Autosomal Dominant 20
ACTG1	Mammary Neoplasms, Animal
ACTG1	Mammary Neoplasms, Experimental
ACTG1	Nervous System Malformations
ACTG1	Osteoporosis
ACTG2	Colonic Neoplasms
ACTG2	Megacystis microcolon intestinal hypoperistalsis syndrome
ACTG2	Visceral Myopathy, Familial
ACTL9	Dermatitis, Atopic
ACTN1	BLEEDING DISORDER, PLATELET-TYPE, 15
ACTN1	Liver Cirrhosis, Experimental
ACTN2	Cardiomyopathy, Dilated, 1AA
ACTN4	Carcinoma
ACTN4	Glomerulosclerosis, Focal Segmental
ACTN4	Mammary Neoplasms, Animal
ACTN4	Mammary Neoplasms, Experimental
ACTRT2	Keloid
ACVR1	Acute Lung Injury
ACVR1	Astrocytoma
ACVR1	Breast Neoplasms
ACVR1	Glioma
ACVR1	Myositis Ossificans
ACVR2A	Microsatellite Instability
ACVR2B	Heterotaxy Syndrome
ACVR2B	HETEROTAXY, VISCERAL, 4, AUTOSOMAL
ACVR2B	Situs Inversus
ACVRL1	Hypertension, Pulmonary
ACVRL1	Osler-rendu-weber syndrome 2
ACVRL1	Telangiectasia, Hereditary Hemorrhagic
ACVRL1	Vascular Remodeling
ACY1	Aminoacylase 1 deficiency
ACY1	Carcinoma, Renal Cell
ACY1	Precancerous Conditions
ACYP2	HEARING LOSS, CISPLATIN-INDUCED, SUSCEPTIBILITY TO
ADA	Autistic Disorder
ADA	Hyperemia
ADA	Liver Cirrhosis, Experimental
ADA	Lung Neoplasms
ADA	Severe combined immunodeficiency due to adenosine deaminase deficiency
ADA	Spinal Cord Diseases
ADA2	Sneddon Syndrome
ADAM10	ALZHEIMER DISEASE 18
ADAM10	Breast Neoplasms
ADAM10	Dowling-Degos Disease
ADAM17	Blister
ADAM17	Colitis
ADAM17	INFLAMMATORY SKIN AND BOWEL DISEASE, NEONATAL, 1
ADAM17	Liver Cirrhosis, Experimental
ADAM26A	Prostatic Neoplasms
ADAM28	Lung Neoplasms
ADAM33	Bronchial Hyperreactivity
ADAM3A	Hepatomegaly
ADAM8	Chemical and Drug Induced Liver Injury
ADAM9	CONE-ROD DYSTROPHY 9
ADAM9	Prostatic Neoplasms
ADAMTS1	Breast Neoplasms
ADAMTS1	Carcinoma, Hepatocellular
ADAMTS1	Carcinoma, Non-Small-Cell Lung
ADAMTS1	Neoplasm Invasiveness
ADAMTS10	Weill-Marchesani Syndrome
ADAMTS13	Purpura, Thrombocytopenic, Idiopathic
ADAMTS13	Purpura, Thrombotic Thrombocytopenic
ADAMTS13	Thrombotic Microangiopathies
ADAMTS17	Liver Neoplasms
ADAMTS17	Weill-Marchesani-Like Syndrome
ADAMTS18	MICROCORNEA, MYOPIC CHORIORETINAL ATROPHY, AND TELECANTHUS
ADAMTS2	Ehlers-Danlos Syndrome, Type VII, Autosomal Recessive
ADAMTS2	Mesothelioma, Malignant
ADAMTS20	Melanoma
ADAMTS3	Schizophrenia
ADAMTS5	Hepatomegaly
ADAMTS7	Coronary Artery Disease
ADAMTS7	Polycystic Ovary Syndrome
ADAMTS9	Diabetes Mellitus, Type 2
ADAMTSL2	Acromicric dysplasia
ADAMTSL2	Contracture
ADAMTSL2	Facies
ADAMTSL2	Growth Disorders
ADAMTSL2	Hand Deformities, Congenital
ADAMTSL2	Heart Valve Diseases
ADAMTSL2	Hepatomegaly
ADAMTSL2	Metabolism, Inborn Errors
ADAMTSL2	Osteochondrodysplasias
ADAMTSL4	ECTOPIA LENTIS 2, ISOLATED, AUTOSOMAL RECESSIVE
ADAMTSL4	Ectopia Lentis with Ectopia of Pupil
ADAR	Aicardi-Goutieres syndrome
ADAR	Breast Neoplasms
ADAR	Dyschromatosis symmetrica hereditaria 1
ADARB1	Polycystic Ovary Syndrome
ADARB2	Substance-Related Disorders
ADAT3	MENTAL RETARDATION, AUTOSOMAL RECESSIVE 36
ADCY1	Deafness, Autosomal Recessive 44
ADCY1	Hyperkinesis
ADCY1	Small Cell Lung Carcinoma
ADCY1	Substance Withdrawal Syndrome
ADCY10	Hypercalciuria, Absorptive, 2
ADCY2	Asthma
ADCY3	Diabetic Angiopathies
ADCY5	Birth Weight
ADCY5	Carcinoma
ADCY5	Cardiomyopathies
ADCY5	Diabetes Mellitus, Type 2
ADCY5	Dyskinesia, Familial, with Facial Myokymia
ADCY5	Fibrosis
ADCY5	Hypertension
ADCY5	Mammary Neoplasms, Animal
ADCY5	Mammary Neoplasms, Experimental
ADCY5	Neurodevelopmental Disorders
ADCY5	Osteoporosis
ADCY5	Ventricular Dysfunction, Left
ADCY6	LETHAL CONGENITAL CONTRACTURE SYNDROME 8
ADCY7	Arthritis, Juvenile
ADCY7	Colitis, Ulcerative
ADCY7	Leukemia, Myeloid, Acute
ADCY7	Schizophrenia
ADCY8	Diabetic Angiopathies
ADCY8	Hyperkinesis
ADCY8	Mood Disorders
ADCY8	Substance Withdrawal Syndrome
ADCYAP1	Cardiomyopathies
ADCYAP1	Esophageal Squamous Cell Carcinoma
ADCYAP1	Hyperemia
ADCYAP1	Miosis
ADCYAP1	Psychomotor Agitation
ADCYAP1	Urinary Bladder, Overactive
ADCYAP1R1	Asthma
ADD1	Carcinoma, Hepatocellular
ADD1	Hypertension
ADD3	Brain Ischemia
ADD3	CEREBRAL PALSY, SPASTIC QUADRIPLEGIC, 3
ADD3	Liver Cirrhosis, Experimental
ADD3	Neurotoxicity Syndromes
ADGRD2	Polycystic Ovary Syndrome
ADGRE1	Liver Cirrhosis, Experimental
ADGRE2	Familial dermographism
ADGRE5	Lung Diseases
ADGRF4	Schizophrenia
ADGRG1	Polymicrogyria, Bilateral Frontoparietal
ADGRG2	Congenital bilateral aplasia of vas deferens
ADGRG2	Osteoarthritis
ADGRG6	LETHAL CONGENITAL CONTRACTURE SYNDROME 9
ADGRG6	SCOLIOSIS, ISOLATED, SUSCEPTIBILITY TO, 1
ADGRL3	Attention Deficit Disorder with Hyperactivity
ADGRV1	Febrile Convulsions, Familial, 4
ADGRV1	Usher syndrome, type 2C
ADH1	Liver Cirrhosis, Experimental
ADH1B	Alcoholism
ADH1B	Cerebral Infarction
ADH1B	Colorectal Neoplasms
ADH1B	Esophageal Neoplasms
ADH1B	Esophageal Squamous Cell Carcinoma
ADH1B	Genetic Predisposition to Disease
ADH1B	Laryngeal Neoplasms
ADH1B	Mouth Neoplasms
ADH1B	Obesity
ADH1B	Pharyngeal Neoplasms
ADH1C	Alcoholism
ADH1C	Genetic Predisposition to Disease
ADH1C	Mouth Neoplasms
ADH1C	PARKINSON DISEASE, LATE-ONSET
ADH4	Liver Cirrhosis, Experimental
ADH7	Esophageal Neoplasms
ADH7	Laryngeal Neoplasms
ADH7	Mouth Neoplasms
ADH7	Pharyngeal Neoplasms
ADHFE1	Liver Cirrhosis, Experimental
ADI1	Prostatic Neoplasms
ADIPOQ	ADIPONECTIN, SERUM LEVEL OF, QUANTITATIVE TRAIT LOCUS 2
ADIPOQ	ADIPONECTIN, SERUM LEVEL OF, QUANTITATIVE TRAIT LOCUS 3
ADIPOQ	Arthritis, Experimental
ADIPOQ	Arthritis, Rheumatoid
ADIPOQ	Atherosclerosis
ADIPOQ	Chemical and Drug Induced Liver Injury
ADIPOQ	Coronary Restenosis
ADIPOQ	Crohn Disease
ADIPOQ	Diabetes, Gestational
ADIPOQ	Diabetes Mellitus
ADIPOQ	Diabetes Mellitus, Type 2
ADIPOQ	Diabetic Nephropathies
ADIPOQ	Heroin Dependence
ADIPOQ	Hyperemia
ADIPOQ	Hypertension
ADIPOQ	Hypoadiponectinemia
ADIPOQ	Inflammation
ADIPOQ	Insulin Resistance
ADIPOQ	Kidney Failure, Chronic
ADIPOQ	Liver Cirrhosis, Experimental
ADIPOQ	Metabolic Syndrome
ADIPOQ	Myocardial Ischemia
ADIPOQ	Myocardial Reperfusion Injury
ADIPOQ	Non-alcoholic Fatty Liver Disease
ADIPOQ	Pulmonary Edema
ADIPOQ	Pulmonary Fibrosis
ADIPOQ	Weight Gain
ADIPOQ	Weight Loss
ADIPOR1	Infertility, Female
ADIPOR1	Kidney Failure, Chronic
ADIPOR2	Infertility, Female
ADIPQTL2	ADIPONECTIN, SERUM LEVEL OF, QUANTITATIVE TRAIT LOCUS 2
ADIPQTL3	ADIPONECTIN, SERUM LEVEL OF, QUANTITATIVE TRAIT LOCUS 3
ADK	HYPERMETHIONINEMIA DUE TO ADENOSINE KINASE DEFICIENCY
ADK	Hypoxia
ADK	Intellectual Disability
ADM	Autistic Disorder
ADM	Glomerulonephritis
ADM	Hyperalgesia
ADM	Liver Cirrhosis, Experimental
ADM	Pain
ADM	Sepsis
ADM	Stomach Ulcer
ADM2	Myocardial Ischemia
ADM2	Vascular Diseases
ADNP	Autistic Disorder
ADNP	HELSMOORTEL-VAN DER AA SYNDROME
ADNP	Neurodevelopmental Disorders
ADORA1	Bradycardia
ADORA1	Catalepsy
ADORA1	Drug Hypersensitivity
ADORA1	Drug-Related Side Effects and Adverse Reactions
ADORA1	Genetic Predisposition to Disease
ADORA1	Hypotension
ADORA1	Infarction, Middle Cerebral Artery
ADORA1	Ischemia
ADORA1	Ischemic Attack, Transient
ADORA1	Myocardial Infarction
ADORA1	Nerve Degeneration
ADORA1	Prenatal Exposure Delayed Effects
ADORA1	Subarachnoid Hemorrhage
ADORA1	Substance Withdrawal Syndrome
ADORA1	Ventricular Dysfunction
ADORA2A	Amphetamine-Related Disorders
ADORA2A	Anxiety Disorders
ADORA2A	Arthritis, Rheumatoid
ADORA2A	Cardiomyopathies
ADORA2A	Depressive Disorder
ADORA2A	Drug Hypersensitivity
ADORA2A	Drug-Related Side Effects and Adverse Reactions
ADORA2A	Genetic Predisposition to Disease
ADORA2A	Hyperkinesis
ADORA2A	Hypotension
ADORA2A	Liver Cirrhosis, Experimental
ADORA2A	Movement Disorders
ADORA2A	Panic Disorder
ADORA2A	Psychoses, Substance-Induced
ADORA2A	Seizures
ADORA2A	Sleep Initiation and Maintenance Disorders
ADORA2A	Substance Withdrawal Syndrome
ADORA2A	Tremor
ADORA2A	Ventricular Dysfunction
ADORA2A	Weight Loss
ADORA2B	Neoplasm Metastasis
ADORA3	Ischemia
ADORA3	Liver Cirrhosis, Experimental
ADORA3	Myocardial Infarction
ADRA1A	Diabetes Mellitus, Experimental
ADRA1A	Liver Cirrhosis
ADRA1A	Ventricular Remodeling
ADRA1B	Cardiomegaly
ADRA1B	Hypotension
ADRA1B	Kidney Diseases
ADRA1B	Liver Cirrhosis, Experimental
ADRA1B	Nerve Degeneration
ADRA1B	Neurotoxicity Syndromes
ADRA1B	Seizures
ADRA2A	Cardiomegaly
ADRA2A	Epilepsy
ADRA2A	Fibrosis
ADRA2A	Heart Diseases
ADRA2A	Hypertension
ADRA2A	Hypotension
ADRA2A	Panic Disorder
ADRA2B	Cyanosis
ADRA2B	Epilepsy, Myoclonic, Benign Adult Familial, Type 2
ADRA2B	Intellectual Disability
ADRA2B	Lung Diseases
ADRA2C	Cardiomegaly
ADRA2C	Fibrosis
ADRA2C	Heart Failure
ADRB1	Birth Weight
ADRB1	Cardiomyopathy, Dilated
ADRB1	Cardiovascular Diseases
ADRB1	Diabetes Mellitus
ADRB1	Endomyocardial Fibrosis
ADRB1	Heart Failure
ADRB1	Hyperemia
ADRB1	Hypertension
ADRB1	Myocardial Ischemia
ADRB1	Myocardial Reperfusion Injury
ADRB1	Obesity
ADRB1	Stomach Neoplasms
ADRB1	Ventricular Dysfunction
ADRB2	Asthma
ADRB2	Autistic Disorder
ADRB2	Cardiomyopathies
ADRB2	Cardiomyopathy, Dilated
ADRB2	Fibrosis
ADRB2	Hyperlipidemias
ADRB2	Hypokalemia
ADRB2	Insulin Resistance
ADRB2	Lung Diseases
ADRB2	Myocardial Ischemia
ADRB2	Nervous System Diseases
ADRB2	Obesity
ADRB2	Prostatic Neoplasms
ADRB2	Stomach Neoplasms
ADRB2	Ventricular Dysfunction, Left
ADRB3	Diabetes Mellitus, Experimental
ADRB3	Heart Failure
ADRB3	Hyperlipidemias
ADRB3	Hypertrophy, Left Ventricular
ADRB3	Obesity
ADSL	Adenylosuccinate lyase deficiency
ADSL	Autistic Disorder
ADSSL1	MYOPATHY, DISTAL, 5
ADTRP	Coronary Artery Disease
AEN	Liver Cirrhosis, Experimental
AES	Myocardial Ischemia
AFF2	Fragile X Syndrome
AFF3	Arthritis, Rheumatoid
AFF3	Substance-Related Disorders
AFF4	Abnormalities, Multiple
AFF4	Bone Diseases, Developmental
AFF4	CHOPS SYNDROME
AFF4	Cognition Disorders
AFF4	Facies
AFF4	Growth Disorders
AFF4	Heart Defects, Congenital
AFF4	Lung Diseases
AFF4	Obesity
AFG3L2	Myoclonic Epilepsies, Progressive
AFG3L2	SPASTIC ATAXIA 5, AUTOSOMAL RECESSIVE
AFG3L2	Spinocerebellar ataxia 28
AFG3L2	Spinocerebellar Ataxias
AFM	Liver Cirrhosis, Experimental
AFP	alpha-Fetoprotein Deficiency
AFP	Breast Neoplasms
AFP	Carcinoma, Hepatocellular
AFP	Liver Cirrhosis, Experimental
AFP	Liver Diseases
AFP	Liver Neoplasms, Experimental
AFP	Mammary Neoplasms, Experimental
AFP	Stomach Neoplasms
AGA	Aspartylglucosaminuria
AGAP1	Autistic Disorder
AGBL1	CORNEAL DYSTROPHY, FUCHS ENDOTHELIAL, 8
AGBL4	Substance-Related Disorders
AGBL5	RETINITIS PIGMENTOSA 75
AGER	Arthritis, Rheumatoid
AGER	Atherosclerosis
AGER	Diabetic Angiopathies
AGER	Hyperalgesia
AGER	Hyperglycemia
AGER	Hypertrophy
AGER	Inflammation
AGER	Lewy Body Disease
AGER	Neuralgia
AGER	Osteoarthritis
AGER	Pancreatic Diseases
AGER	Peripheral Nerve Injuries
AGFG1	Liver Cirrhosis, Experimental
AGK	CATARACT 38
AGK	Cataract and cardiomyopathy
AGL	Glycogen Storage Disease Type III
AGL	Liver Cirrhosis, Experimental
AGO1	Mesothelioma, Malignant
AGO2	Cocaine-Related Disorders
AGO2	Leukemia, Myeloid
AGO2	Mesothelioma, Malignant
AGPAT1	Exfoliation Syndrome
AGPAT2	Lipodystrophy, Congenital Generalized
AGPAT3	Neurodegenerative Diseases
AGPS	Rhizomelic chondrodysplasia punctata, type 3
AGR2	Breast Neoplasms
AGR2	Prostatic Neoplasms
AGRN	Leukemia, Myeloid, Acute
AGRN	Myasthenic Syndromes, Congenital
AGRP	Obesity
AGT	Albuminuria
AGT	Alkalosis
AGT	Allanson Pantzar McLeod syndrome
AGT	Anemia
AGT	Aneurysm, Dissecting
AGT	Anuria
AGT	Aortic Aneurysm
AGT	Aortic Aneurysm, Abdominal
AGT	Atherosclerosis
AGT	Bradycardia
AGT	Cardiomyopathies
AGT	Cardiomyopathy, Alcoholic
AGT	Cardiovascular Abnormalities
AGT	Cardiovascular Diseases
AGT	Carotid Artery Diseases
AGT	Catalepsy
AGT	Cholestasis
AGT	Cognition Disorders
AGT	Death, Sudden
AGT	Diabetes Mellitus, Experimental
AGT	Diabetic Nephropathies
AGT	Diabetic Retinopathy
AGT	Drug Overdose
AGT	Fetal Growth Retardation
AGT	Fibrosis
AGT	Glomerulonephritis
AGT	Glomerulonephritis, IGA
AGT	Glomerulosclerosis, Focal Segmental
AGT	Heart Diseases
AGT	Heart Failure
AGT	Hernia, Diaphragmatic
AGT	Hyperalgesia
AGT	Hyperemia
AGT	Hypertension, Malignant
AGT	Hypertension, Renal
AGT	Hypertrophy
AGT	Hypokalemia
AGT	Hypotension
AGT	Inflammation
AGT	Kidney Diseases
AGT	Liver Cirrhosis
AGT	Liver Cirrhosis, Experimental
AGT	Myocardial Infarction
AGT	Myocardial Ischemia
AGT	Necrosis
AGT	Neointima
AGT	Nephrosis
AGT	Peptic Ulcer Hemorrhage
AGT	Pneumonia
AGT	Pre-Eclampsia
AGT	Pulmonary Fibrosis
AGT	Renal Insufficiency
AGT	RENAL TUBULAR DYSGENESIS
AGT	Reperfusion Injury
AGT	Retinopathy of Prematurity
AGT	Seizures
AGT	Ureteral Obstruction
AGT	Vascular Remodeling
AGT	Ventricular Dysfunction, Left
AGTPBP1	Nerve Degeneration
AGTR1	Abortion, Spontaneous
AGTR1	Allanson Pantzar McLeod syndrome
AGTR1	Aortic Aneurysm, Abdominal
AGTR1	Carcinoma, Pancreatic Ductal
AGTR1	Diabetic Retinopathy
AGTR1	Ductus Arteriosus, Patent
AGTR1	Heart Failure
AGTR1	Hypertension
AGTR1	Kidney Diseases
AGTR1	Neoplasm Metastasis
AGTR1	Pituitary Neoplasms
AGTR1	Proteinuria
AGTR1	RENAL TUBULAR DYSGENESIS
AGTR1A	Carcinoma, Ductal
AGTR1A	Carcinoma, Lobular
AGTR1A	Cardiomegaly
AGTR1A	Fibrosis
AGTR1A	Glucose Intolerance
AGTR1A	Hernia, Diaphragmatic
AGTR1A	Kidney Diseases
AGTR1A	Liver Cirrhosis, Experimental
AGTR1A	Mammary Neoplasms, Experimental
AGTR1A	Vascular System Injuries
AGTR1B	Hernia, Diaphragmatic
AGTR1B	Hypertension
AGTR1B	Prenatal Exposure Delayed Effects
AGTR2	Carcinoma, Lobular
AGTR2	Diabetic Cardiomyopathies
AGTR2	Hypertension
AGTR2	Hypertrophy, Left Ventricular
