{"results": [{"columns": ["drug", "disease"], "data": [{"graph": {"nodes": [{"id": "\"dr_88\"", "labels": ["DRUG"], "properties": {"classs": "Carboxylic Acids and Derivatives", "direct_parent": "Peptides", "group": "['approved', 'vet_approved']", "kingdom": "Organic Compounds", "name": "Urofollitropin", "state": "liquid", "subclass": "Amino Acids, Peptides, and Analogues", "superclass": "Organic Acids", "type": "biotech"}}, {"id": "\"se_998\"", "labels": ["SIDEEFFECT"], "properties": {"name": "anxiety"}}, {"id": "\"ndr_482\"", "labels": ["DRUG"], "properties": {"name": "paliperidone"}}, {"id": "\"se_958\"", "labels": ["SIDEEFFECT"], "properties": {"name": "urticaria"}}, {"id": "\"ndr_482\"", "labels": ["DRUG"], "properties": {"name": "paliperidone"}}, {"id": "\"se_1389\"", "labels": ["SIDEEFFECT"], "properties": {"name": "inverted T"}}, {"id": "\"ndr_483\"", "labels": ["DRUG"], "properties": {"name": "posaconazole"}}, {"id": "\"se_13139\"", "labels": ["SIDEEFFECT"], "properties": {"name": "speech disorder"}}, {"id": "\"ndr_483\"", "labels": ["DRUG"], "properties": {"name": "posaconazole"}}, {"id": "\"se_1995\"", "labels": ["SIDEEFFECT"], "properties": {"name": "abnormal renal function"}}, {"id": "\"ndr_483\"", "labels": ["DRUG"], "properties": {"name": "posaconazole"}}, {"id": "\"se_1911\"", "labels": ["SIDEEFFECT"], "properties": {"name": "aplasia"}}, {"id": "\"ndr_484\"", "labels": ["DRUG"], "properties": {"name": "donepezil"}}, {"id": "\"se_2083\"", "labels": ["SIDEEFFECT"], "properties": {"name": "cystitis"}}, {"id": "\"ndr_484\"", "labels": ["DRUG"], "properties": {"name": "donepezil"}}, {"id": "\"se_2019\"", "labels": ["SIDEEFFECT"], "properties": {"name": "AV block"}}, {"id": "\"ndr_484\"", "labels": ["DRUG"], "properties": {"name": "donepezil"}}, {"id": "\"se_2752\"", "labels": ["SIDEEFFECT"], "properties": {"name": "abnormal vision"}}, {"id": "\"ndr_485\"", "labels": ["DRUG"], "properties": {"name": "insulin glargine"}}, {"id": "\"se_2643\"", "labels": ["SIDEEFFECT"], "properties": {"name": "injection site pain"}}, {"id": "\"ndr_485\"", "labels": ["DRUG"], "properties": {"name": "insulin glargine"}}, {"id": "\"se_2229\"", "labels": ["SIDEEFFECT"], "properties": {"name": "loss of consciousness"}}, {"id": "\"ndr_485\"", "labels": ["DRUG"], "properties": {"name": "insulin glargine"}}, {"id": "\"se_958\"", "labels": ["SIDEEFFECT"], "properties": {"name": "urticaria"}}, {"id": "\"ndr_486\"", "labels": ["DRUG"], "properties": {"name": "iopromide"}}, {"id": "\"se_2758\"", "labels": ["SIDEEFFECT"], "properties": {"name": "malaise"}}, {"id": "\"ndr_487\"", "labels": ["DRUG"], "properties": {"name": "medroxyprogesterone"}}, {"id": "\"se_1119\"", "labels": ["SIDEEFFECT"], "properties": {"name": "Decreased carbohydrate tolerance"}}, {"id": "\"ndr_487\"", "labels": ["DRUG"], "properties": {"name": "medroxyprogesterone"}}, {"id": "\"se_2107\"", "labels": ["SIDEEFFECT"], "properties": {"name": "SIDS"}}, {"id": "\"ndr_487\"", "labels": ["DRUG"], "properties": {"name": "medroxyprogesterone"}}, {"id": "\"se_1223\"", "labels": ["SIDEEFFECT"], "properties": {"name": "deep vein thrombosis"}}, {"id": "\"ndr_488\"", "labels": ["DRUG"], "properties": {"name": "gadobenate"}}, {"id": "\"se_12559\"", "labels": ["SIDEEFFECT"], "properties": {"name": "torsade de pointes"}}, {"id": "\"ndr_488\"", "labels": ["DRUG"], "properties": {"name": "gadobenate"}}, {"id": "\"se_13081\"", "labels": ["SIDEEFFECT"], "properties": {"name": "tinnitus"}}, {"id": "\"ndr_488\"", "labels": ["DRUG"], "properties": {"name": "gadobenate"}}, {"id": "\"se_13126\"", "labels": ["SIDEEFFECT"], "properties": {"name": "nasal congestion"}}, {"id": "\"ndr_488\"", "labels": ["DRUG"], "properties": {"name": "gadobenate"}}, {"id": "\"se_1885\"", "labels": ["SIDEEFFECT"], "properties": {"name": "ECG abnormal"}}, {"id": "\"ndr_489\"", "labels": ["DRUG"], "properties": {"name": "varenicline"}}, {"id": "\"se_872\"", "labels": ["SIDEEFFECT"], "properties": {"name": "atrial fibrillation"}}, {"id": "\"ndr_489\"", "labels": ["DRUG"], "properties": {"name": "varenicline"}}, {"id": "\"se_1505\"", "labels": ["SIDEEFFECT"], "properties": {"name": "subcapsular cataracts"}}, {"id": "\"ndr_489\"", "labels": ["DRUG"], "properties": {"name": "varenicline"}}, {"id": "\"se_2553\"", "labels": ["SIDEEFFECT"], "properties": {"name": "agitation"}}, {"id": "\"ndr_490\"", "labels": ["DRUG"], "properties": {"name": "dasatinib"}}, {"id": "\"se_2805\"", "labels": ["SIDEEFFECT"], "properties": {"name": "skin disorder"}}, {"id": "\"ndr_490\"", "labels": ["DRUG"], "properties": {"name": "dasatinib"}}, {"id": "\"se_185\"", "labels": ["SIDEEFFECT"], "properties": {"name": "heart disease"}}], "relationships": [{"type": "dr_se", "startNode": "\"dr_88\"", "endNode": "\"se_998\"", "properties": {"ID": 999, "count": 1}}, {"type": "dr_se", "startNode": "\"ndr_482\"", "endNode": "\"se_958\"", "properties": {"ID": 208, "count": 1}}, {"type": "dr_se", "startNode": "\"ndr_482\"", "endNode": "\"se_1389\"", "properties": {"ID": "0", "count": 1}}, {"type": "dr_se", "startNode": "\"ndr_483\"", "endNode": "\"se_13139\"", "properties": {"ID": 524, "count": 1}}, {"type": "dr_se", "startNode": "\"ndr_483\"", "endNode": "\"se_1995\"", "properties": {"ID": 392, "count": 1}}, {"type": "dr_se", "startNode": "\"ndr_483\"", "endNode": "\"se_1911\"", "properties": {"ID": "1", "count": 1}}, {"type": "dr_se", "startNode": "\"ndr_484\"", "endNode": "\"se_2083\"", "properties": {"ID": 321, "count": 1}}, {"type": "dr_se", "startNode": "\"ndr_484\"", "endNode": "\"se_2019\"", "properties": {"ID": 143, "count": 1}}, {"type": "dr_se", "startNode": "\"ndr_484\"", "endNode": "\"se_2752\"", "properties": {"ID": "2", "count": 1}}, {"type": "dr_se", "startNode": "\"ndr_485\"", "endNode": "\"se_2643\"", "properties": {"ID": 972, "count": 1}}, {"type": "dr_se", "startNode": "\"ndr_485\"", "endNode": "\"se_2229\"", "properties": {"ID": 805, "count": 1}}, {"type": "dr_se", "startNode": "\"ndr_485\"", "endNode": "\"se_958\"", "properties": {"ID": "3", "count": 1}}, {"type": "dr_se", "startNode": "\"ndr_486\"", "endNode": "\"se_2758\"", "properties": {"ID": "4", "count": 1}}, {"type": "dr_se", "startNode": "\"ndr_487\"", "endNode": "\"se_1119\"", "properties": {"ID": 887, "count": 1}}, {"type": "dr_se", "startNode": "\"ndr_487\"", "endNode": "\"se_2107\"", "properties": {"ID": 440, "count": 1}}, {"type": "dr_se", "startNode": "\"ndr_487\"", "endNode": "\"se_1223\"", "properties": {"ID": "5", "count": 1}}, {"type": "dr_se", "startNode": "\"ndr_488\"", "endNode": "\"se_12559\"", "properties": {"ID": 941, "count": 1}}, {"type": "dr_se", "startNode": "\"ndr_488\"", "endNode": "\"se_13081\"", "properties": {"ID": 896, "count": 1}}, {"type": "dr_se", "startNode": "\"ndr_488\"", "endNode": "\"se_13126\"", "properties": {"ID": 156, "count": 1}}, {"type": "dr_se", "startNode": "\"ndr_488\"", "endNode": "\"se_1885\"", "properties": {"ID": "6", "count": 1}}, {"type": "dr_se", "startNode": "\"ndr_489\"", "endNode": "\"se_872\"", "properties": {"ID": 980, "count": 1}}, {"type": "dr_se", "startNode": "\"ndr_489\"", "endNode": "\"se_1505\"", "properties": {"ID": 844, "count": 1}}, {"type": "dr_se", "startNode": "\"ndr_489\"", "endNode": "\"se_2553\"", "properties": {"ID": "7", "count": 1}}, {"type": "dr_se", "startNode": "\"ndr_490\"", "endNode": "\"se_2805\"", "properties": {"ID": 902, "count": 1}}, {"type": "dr_se", "startNode": "\"ndr_490\"", "endNode": "\"se_185\"", "properties": {"ID": 876, "count": 1}}]}}]}], "errors": []}