OTHER_ID	PATHWAY_NAME	PATHWAY_LABEL
SMP0000055	Alanine Metabolism	Metabolic
SMP0000067	Aspartate Metabolism	Metabolic
SMP0000072	Glutamate Metabolism	Metabolic
SMP0000015	Glutathione Metabolism	Metabolic
SMP0000057	Citric Acid Cycle	Metabolic
SMP0000018	Alpha Linolenic Acid and Linoleic Acid Metabolism	Metabolic
SMP0000029	Selenoamino Acid Metabolism	Metabolic
SMP0000045	Amino Sugar Metabolism	Metabolic
SMP0000009	Ammonia Recycling	Metabolic
SMP0000020	Arginine and Proline Metabolism	Metabolic
SMP0000007	beta-Alanine Metabolism	Metabolic
SMP0000123	Betaine Metabolism	Metabolic
SMP0000066	Biotin Metabolism	Metabolic
SMP0000073	Butyrate Metabolism	Metabolic
SMP0000028	Caffeine Metabolism	Metabolic
SMP0000465	Carnitine Synthesis	Metabolic
SMP0000012	Catecholamine Biosynthesis	Metabolic
SMP0000013	Cysteine Metabolism	Metabolic
SMP0000036	D-Arginine and D-Ornithine Metabolism	Metabolic
SMP0000468	Degradation of Superoxides	Metabolic
SMP0000449	Ethanol Degradation	Metabolic
SMP0000054	Fatty Acid Elongation in Mitochondria	Metabolic
SMP0000051	Fatty Acid Metabolism	Metabolic
SMP0000053	Folate Metabolism	Metabolic
SMP0000064	Fructose and Mannose Degradation	Metabolic
SMP0000124	Glycerol Phosphate Shuttle	Metabolic
SMP0000455	Homocysteine Degradation	Metabolic
SMP0000071	Ketone Body Metabolism	Metabolic
SMP0000037	Lysine Degradation	Metabolic
SMP0000129	Malate-Aspartate Shuttle	Metabolic
SMP0000010	Nucleotide Sugars Metabolism	Metabolic
SMP0000027	Pantothenate and CoA Biosynthesis	Metabolic
SMP0000126	Phenylacetate Metabolism	Metabolic
SMP0000459	Pyruvaldehyde Degradation	Metabolic
SMP0000070	Riboflavin Metabolism	Metabolic
SMP0000076	Thiamine Metabolism	Metabolic
SMP0000445	Spermidine and Spermine Biosynthesis	Metabolic
SMP0000021	Taurine and Hypotaurine Metabolism	Metabolic
SMP0000065	Ubiquinone Biosynthesis	Metabolic
SMP0000041	Sulfate/Sulfite Metabolism	Metabolic
SMP0000450	Phytanic Acid Peroxisomal Oxidation	Metabolic
SMP0000008	Phenylalanine and Tyrosine Metabolism	Metabolic
SMP0000044	Histidine Metabolism	Metabolic
SMP0000075	Arachidonic Acid Metabolism	Metabolic
SMP0000068	Androgen and Estrogen Metabolism	Metabolic
SMP0000127	Glucose-Alanine Cycle	Metabolic
SMP0000464	Vitamin K Metabolism	Metabolic
SMP0000025	Phospholipid Biosynthesis	Metabolic
SMP0000444	Lactose Synthesis	Metabolic
SMP0000023	Steroid Biosynthesis	Metabolic
SMP0000032	Valine, Leucine, and Isoleucine Degradation	Metabolic
SMP0000050	Purine Metabolism	Metabolic
SMP0000017	Vitamin B6 Metabolism	Metabolic
SMP0000060	Pyruvate Metabolism	Metabolic
SMP0000031	Pentose Phosphate Pathway	Metabolic
SMP0000033	Methionine Metabolism	Metabolic
SMP0000352	Primary Hyperoxaluria Type I	Disease
SMP0000350	Pyruvate Carboxylase Deficiency	Disease
SMP0000356	17-beta Hydroxysteroid Dehydrogenase III Deficiency	Disease
SMP0000173	beta-Ketothiolase Deficiency	Disease
SMP0000137	2-Methyl-3-hydroxybutryl-CoA Dehydrogenase Deficiency	Disease
SMP0000236	Propionic Acidemia	Disease
SMP0000138	3-Hydroxy-3-methylglutaryl-CoA Lyase Deficiency	Disease
SMP0000199	Maple Syrup Urine Disease	Disease
SMP0000237	3-Methylcrotonyl-CoA Carboxylase Deficiency Type I	Disease
SMP0000139	3-Methylglutaconic Aciduria Type I	Disease
SMP0000140	3-Methylglutaconic Aciduria Type III	Disease
SMP0000384	Methylmalonate Semialdehyde Dehydrogenase Deficiency	Disease
SMP0000200	Methylmalonic Aciduria	Disease
SMP0000243	4-Hydroxybutyric Aciduria/Succinic Semialdehyde Dehydrogenase Deficiency	Disease
SMP0000385	Homocarnosinosis	Disease
SMP0000339	Hyperinsulinism-Hyperammonemia Syndrome	Disease
SMP0000337	Glutathione Synthetase Deficiency	Disease
SMP0000143	5-Oxoprolinuria	Disease
SMP0000144	Adenosine Deaminase Deficiency	Disease
SMP0000167	Adenylosuccinate Lyase Deficiency	Disease
SMP0000365	Gout or Kelley-Seegmiller Syndrome	Disease
SMP0000364	Lesch-Nyhan Syndrome (LNS)	Disease
SMP0000203	Molybdenum Cofactor Deficiency	Disease
SMP0000220	Xanthine Dehydrogenase Deficiency (Xanthinuria)	Disease
SMP0000210	Purine Nucleoside Phosphorylase Deficiency	Disease
SMP0000168	AICA-Ribosiduria	Disease
SMP0000207	Prolidase Deficiency (PD)	Disease
SMP0000362	Arginine: Glycine Amidinotransferase Deficiency (AGAT Deficiency)	Disease
SMP0000360	Hyperprolinemia Type II	Disease
SMP0000361	Hyperprolinemia Type I	Disease
SMP0000208	Prolinemia Type II	Disease
SMP0000188	Guanidinoacetate Methyltransferase Deficiency (GAMT Deficiency)	Disease
SMP0000363	Ornithine Aminotransferase Deficiency (OAT Deficiency)	Disease
SMP0000170	Aromatic L-Aminoacid Decarboxylase Deficiency	Disease
SMP0000238	Isovaleric Aciduria	Disease
SMP0000174	Biotinidase Deficiency	Disease
SMP0000175	Canavan Disease	Disease
SMP0000192	Hypoacetylaspartia	Disease
SMP0000389	Smith-Lemli-Opitz Syndrome (SLOS)	Disease
SMP0000387	CHILD Syndrome	Disease
SMP0000386	Desmosterolosis	Disease
SMP0000388	Chondrodysplasia Punctata II, X-Linked Dominant (CDPX2)	Disease
SMP0000319	Lysosomal Acid Lipase Deficiency (Wolman Disease)	Disease
SMP0000177	Cystathionine beta-Synthase Deficiency	Disease
SMP0000341	Hypermethioninemia	Disease
SMP0000214	S-Adenosylhomocysteine (SAH) Hydrolase Deficiency	Disease
SMP0000222	Glycine N-Methyltransferase Deficiency	Disease
SMP0000340	Methylenetetrahydrofolate Reductase Deficiency (MTHFRD)	Disease
SMP0000221	Methionine Adenosyltransferase Deficiency	Disease
SMP0000181	Ethylmalonic Encephalopathy	Disease
SMP0000185	Glutaric Aciduria Type I	Disease
SMP0000235	Short-Chain Acyl-CoA Dehydrogenase Deficiency (SCAD Deficiency)	Disease
SMP0000351	GABA-Transaminase Deficiency	Disease
SMP0000183	gamma-Glutamyltransferase Deficiency	Disease
SMP0000186	Glutaric Aciduria Type I	Disease
SMP0000239	Saccharopinuria/Hyperlysinemia II	Disease
SMP0000191	Histidinemia	Disease
SMP0000313	Lactic Acidemia	Disease
SMP0000196	Leigh Syndrome	Disease
SMP0000334	Pyruvate Decarboxylase E1 Component Deficiency (PDHE1 Deficiency)	Disease
SMP0000212	Pyruvate Dehydrogenase Complex Deficiency	Disease
SMP0000353	Leukotriene C4 Synthesis Deficiency	Disease
SMP0000206	Phenylketonuria	Disease
SMP0000369	Tyrosinemia Type 2 (or Richner-Hanhart Syndrome)	Disease
SMP0000370	Tyrosinemia Type 3 (TYRO3)	Disease
SMP0000451	Refsum Disease	Disease
SMP0000216	Sialuria or French Type Sialuria	Disease
SMP0000240	Salla Disease/Infantile Sialic Acid Storage Disease	Disease
SMP0000077	Piroxicam Action Pathway	Drug Action
SMP0000079	Ibandronate Action Pathway	Drug Action
SMP0000082	Simvastatin Action Pathway	Drug Action
SMP0000083	Acetylsalicylic Acid Action Pathway	Drug Action
SMP0000084	Etodolac Action Pathway	Drug Action
SMP0000085	Ketoprofen Action Pathway	Drug Action
SMP0000086	Ibuprofen Action Pathway	Drug Action
SMP0000087	Rofecoxib Action Pathway	Drug Action
SMP0000089	Pravastatin Action Pathway	Drug Action
SMP0000092	Rosuvastatin Action Pathway	Drug Action
SMP0000093	Diclofenac Action Pathway	Drug Action
SMP0000094	Sulindac Action Pathway	Drug Action
SMP0000095	Alendronate Action Pathway	Drug Action
SMP0000096	Celecoxib Action Pathway	Drug Action
SMP0000098	Ketorolac Action Pathway	Drug Action
SMP0000005	Pterine Biosynthesis	Metabolic
SMP0000130	Steroidogenesis	Metabolic
SMP0000006	Tyrosine Metabolism	Metabolic
SMP0000011	Inositol Metabolism	Metabolic
SMP0000039	Glycerolipid Metabolism	Metabolic
SMP0000035	Bile Acid Biosynthesis	Metabolic
SMP0000040	Glycolysis	Metabolic
SMP0000483	Kidney Function	Physiological
SMP0000034	Sphingolipid Metabolism	Metabolic
SMP0000016	Propanoate Metabolism	Metabolic
SMP0000058	Starch and Sucrose Metabolism	Metabolic
SMP0000048	Nicotinate and Nicotinamide Metabolism	Metabolic
SMP0000128	Gluconeogenesis	Metabolic
SMP0000457	Lactose Degradation	Metabolic
SMP0000466	Transfer of Acetyl Groups into Mitochondria	Metabolic
SMP0000030	Oxidation of Branched-Chain Fatty Acids	Metabolic
SMP0000462	Inositol Phosphate Metabolism	Metabolic
SMP0000004	Glycine and Serine Metabolism	Metabolic
SMP0000024	Porphyrin Metabolism	Metabolic
SMP0000043	Galactose Metabolism	Metabolic
SMP0000046	Pyrimidine Metabolism	Metabolic
SMP0000052	Beta Oxidation of Very Long Chain Fatty Acids	Metabolic
SMP0000059	Urea Cycle	Metabolic
SMP0000063	Tryptophan Metabolism	Metabolic
SMP0000074	Retinol Metabolism	Metabolic
SMP0000355	Mitochondrial Electron Transport Chain	Metabolic
SMP0000452	Threonine and 2-Oxobutanoate Degradation	Metabolic
SMP0000456	Fatty Acid Biosynthesis	Metabolic
SMP0000463	Phosphatidylinositol Phosphate Metabolism	Metabolic
SMP0000467	Trehalose Degradation	Metabolic
SMP0000479	Plasmalogen Synthesis	Metabolic
SMP0000480	Mitochondrial Beta-Oxidation of Short Chain Saturated Fatty Acids	Metabolic
SMP0000481	Mitochondrial Beta-Oxidation of Medium Chain Saturated Fatty Acids	Metabolic
SMP0000482	Mitochondrial Beta-Oxidation of Long Chain Saturated Fatty Acids	Metabolic
SMP0000344	Acute Intermittent Porphyria	Disease
SMP0000346	Porphyria Variegata (PV)	Disease
SMP0000345	Congenital Erythropoietic Porphyria (CEP) or Gunther Disease	Disease
SMP0000373	Adrenal Hyperplasia Type 3 or Congenital Adrenal Hyperplasia Due to 21-Hydroxylase Deficiency	Disease
SMP0000371	Congenital Lipoid Adrenal Hyperplasia (CLAH) or Lipoid CAH	Disease
SMP0000372	Adrenal Hyperplasia Type 5 or Congenital Adrenal Hyperplasia Due to 17 alpha-Hydroxylase Deficiency	Disease
SMP0000169	Alkaptonuria	Disease
SMP0000190	Hawkinsinuria	Disease
SMP0000218	Tyrosinemia Type I	Disease
SMP0000357	Argininemia	Disease
SMP0000003	Argininosuccinic Aciduria	Disease
SMP0000001	Citrullinemia Type I	Disease
SMP0000205	Ornithine Transcarbamylase Deficiency (OTC Deficiency)	Disease
SMP0000172	beta-Ureidopropionase Deficiency	Disease
SMP0000219	UMP Synthase Deficiency (Orotic Aciduria)	Disease
SMP0000178	Dihydropyrimidinase Deficiency	Disease
SMP0000202	MNGIE (Mitochondrial Neurogastrointestinal Encephalopathy)	Disease
SMP0000002	Carbamoyl Phosphate Synthetase Deficiency	Disease
SMP0000314	Congenital Bile Acid Synthesis Defect Type II	Disease
SMP0000318	Congenital Bile Acid Synthesis Defect Type III	Disease
SMP0000317	Familial Hypercholanemia (FHCA)	Disease
SMP0000316	Zellweger Syndrome	Disease
SMP0000315	Cerebrotendinous Xanthomatosis (CTX)	Disease
SMP0000242	Dimethylglycine Dehydrogenase Deficiency	Disease
SMP0000179	Dihydropyrimidine Dehydrogenase Deficiency (DHPD)	Disease
SMP0000244	Sarcosinemia	Disease
SMP0000182	Galactosemia	Disease
SMP0000349	Gaucher Disease	Disease
SMP0000348	Globoid Cell Leukodystrophy	Disease
SMP0000347	Metachromatic Leukodystrophy (MLD)	Disease
SMP0000187	Glycerol Kinase Deficiency	Disease
SMP0000374	Glycogen Storage Disease Type 1A (GSD1A) or Von Gierke Disease	Disease
SMP0000458	Lactose Intolerance	Disease
SMP0000198	Malonic Aciduria	Disease
SMP0000201	Methylmalonic Aciduria Due to Cobalamin-Related Disorders	Disease
SMP0000223	Non-Ketotic Hyperglycinemia	Disease
SMP0000336	Vitamin A Deficiency	Disease
SMP0000342	Hereditary Coproporphyria (HCP)	Disease
SMP0000136	2-Hydroxyglutric Aciduria (D and L Form)	Disease
SMP0000141	3-Methylglutaconic Aciduria Type IV	Disease
SMP0000390	Tay-Sachs Disease	Disease
SMP0000184	Glucose Transporter Defect (SGLT2)	Disease
SMP0000189	Hartnup Disorder	Disease
SMP0000193	Iminoglycinuria	Disease
SMP0000197	Lysinuric Protein Intolerance	Disease
SMP0000209	Hypercholesterolemia	Disease
SMP0000145	Benazepril Action Pathway	Drug Action
SMP0000146	Captopril Action Pathway	Drug Action
SMP0000147	Cilazapril Action Pathway	Drug Action
SMP0000148	Enalapril Action Pathway	Drug Action
SMP0000149	Fosinopril Action Pathway	Drug Action
SMP0000150	Lisinopril Action Pathway	Drug Action
SMP0000151	Moexipril Action Pathway	Drug Action
SMP0000152	Perindopril Action Pathway	Drug Action
SMP0000153	Quinapril Action Pathway	Drug Action
SMP0000154	Ramipril Action Pathway	Drug Action
SMP0000155	Rescinnamine Action Pathway	Drug Action
SMP0000156	Spirapril Action Pathway	Drug Action
SMP0000157	Trandolapril Action Pathway	Drug Action
SMP0000420	Bevacizumab Action Pathway	Drug Action
SMP0000421	Vatalanib Action Pathway	Drug Action
SMP0000433	Irinotecan Action Pathway	Drug Action
SMP0000434	Paclitaxel Action Pathway	Drug Action
SMP0000435	Docetaxel Action Pathway	Drug Action
SMP0000436	Vinblastine Action Pathway	Drug Action
SMP0000437	Vincristine Action Pathway	Drug Action
SMP0000438	Vindesine Action Pathway	Drug Action
SMP0000439	Vinorelbine Action Pathway	Drug Action
SMP0000442	Etoposide Action Pathway	Drug Action
SMP0000443	Teniposide Action Pathway	Drug Action
SMP0000446	Gemcitabine Action Pathway	Drug Action
SMP0000447	Cyclophosphamide Action Pathway	Drug Action
SMP0000448	Ifosfamide Action Pathway	Drug Action
SMP0000471	Tamoxifen Action Pathway	Drug Action
SMP0000472	Erlotinib Action Pathway	Drug Action
SMP0000473	Gefitinib Action Pathway	Drug Action
SMP0000474	Cetuximab Action Pathway	Drug Action
SMP0000475	Panitumumab Action Pathway	Drug Action
SMP0000476	Trastuzumab Action Pathway	Drug Action
SMP0000469	Capecitabine Action Pathway	Drug Action
SMP0000470	Fluorouracil Action Pathway	Drug Action
SMP0000101	Suprofen Action Pathway	Drug Action
SMP0000102	Bromfenac Action Pathway	Drug Action
SMP0000104	Indomethacin Action Pathway	Drug Action
SMP0000109	Mefenamic Acid Action Pathway	Drug Action
SMP0000113	Oxaprozin Action Pathway	Drug Action
SMP0000114	Nabumetone Action Pathway	Drug Action
SMP0000120	Naproxen Action Pathway	Drug Action
SMP0000289	Diflunisal Action Pathway	Drug Action
SMP0000427	Azathioprine Action Pathway	Drug Action
SMP0000428	Mercaptopurine Action Pathway	Drug Action
SMP0000432	Methotrexate Action Pathway	Drug Action
SMP0000099	Lovastatin Action Pathway	Drug Action
SMP0000107	Zoledronate Action Pathway	Drug Action
SMP0000111	Cerivastatin Action Pathway	Drug Action
SMP0000112	Risedronate Action Pathway	Drug Action
SMP0000117	Pamidronate Action Pathway	Drug Action
SMP0000119	Fluvastatin Action Pathway	Drug Action
SMP0000131	Atorvastatin Action Pathway	Drug Action
SMP0000106	Meloxicam Action Pathway	Drug Action
SMP0000116	Valdecoxib Action Pathway	Drug Action
SMP0000158	Candesartan Action Pathway	Drug Action
SMP0000159	Eprosartan Action Pathway	Drug Action
SMP0000160	Forasartan Action Pathway	Drug Action
SMP0000161	Irbesartan Action Pathway	Drug Action
SMP0000162	Losartan Action Pathway	Drug Action
SMP0000163	Olmesartan Action Pathway	Drug Action
SMP0000164	Telmisartan Action Pathway	Drug Action
SMP0000165	Valsartan Action Pathway	Drug Action
SMP0000260	Clopidogrel Action Pathway	Drug Action
SMP0000261	Ticlopidine Action Pathway	Drug Action
SMP0000262	Clomocycline Action Pathway	Drug Action
SMP0000263	Cilostazol Action Pathway	Drug Action
SMP0000264	Dipyridamole (Antiplatelet) Action Pathway	Drug Action
SMP0000265	Abciximab Action Pathway	Drug Action
SMP0000266	Eptifibatide Action Pathway	Drug Action
SMP0000267	Tirofiban Action Pathway	Drug Action
SMP0000272	Enoxaparin Action Pathway	Drug Action
SMP0000273	Fondaparinux Action Pathway	Drug Action
SMP0000274	Heparin Action Pathway	Drug Action
SMP0000275	Ardeparin Action Pathway	Drug Action
SMP0000276	Argatroban Action Pathway	Drug Action
SMP0000277	Bivalirudin Action Pathway	Drug Action
SMP0000278	Lepirudin Action Pathway	Drug Action
SMP0000279	Ximelagatran Action Pathway	Drug Action
SMP0000280	Alteplase Action Pathway	Drug Action
SMP0000281	Anistreplase Action Pathway	Drug Action
SMP0000282	Streptokinase Action Pathway	Drug Action
SMP0000283	Tenecteplase Action Pathway	Drug Action
SMP0000284	Urokinase Action Pathway	Drug Action
SMP0000285	Reteplase Action Pathway	Drug Action
SMP0000286	Aminocaproic Acid Action Pathway	Drug Action
SMP0000287	Tranexamic Acid Action Pathway	Drug Action
SMP0000288	Aprotinin Action Pathway	Drug Action
SMP0000268	Warfarin Action Pathway	Drug Action
SMP0000269	Acenocoumarol Action Pathway	Drug Action
SMP0000270	Dicumarol Action Pathway	Drug Action
SMP0000271	Phenprocoumon Action Pathway	Drug Action
SMP0000225	Esomeprazole Action Pathway	Drug Action
SMP0000226	Omeprazole Action Pathway	Drug Action
SMP0000227	Lansoprazole Action Pathway	Drug Action
SMP0000228	Pantoprazole Action Pathway	Drug Action
SMP0000229	Rabeprazole Action Pathway	Drug Action
SMP0000230	Ranitidine Action Pathway	Drug Action
SMP0000231	Famotidine Action Pathway	Drug Action
SMP0000232	Cimetidine Action Pathway	Drug Action
SMP0000233	Nizatidine Action Pathway	Drug Action
SMP0000246	Pirenzepine Action Pathway	Drug Action
SMP0000078	Chlorothiazide Action Pathway	Drug Action
SMP0000080	Polythiazide Action Pathway	Drug Action
SMP0000081	Methyclothiazide Action Pathway	Drug Action
SMP0000088	Bumetanide Action Pathway	Drug Action
SMP0000090	Bendroflumethiazide Action Pathway	Drug Action
SMP0000091	Quinethazone Action Pathway	Drug Action
SMP0000097	Ethacrynic Acid Action Pathway	Drug Action
SMP0000100	Hydrochlorothiazide Action Pathway	Drug Action
SMP0000103	Cyclothiazide Action Pathway	Drug Action
SMP0000105	Metolazone Action Pathway	Drug Action
SMP0000108	Hydroflumethiazide Action Pathway	Drug Action
SMP0000110	Indapamide Action Pathway	Drug Action
SMP0000115	Furosemide Action Pathway	Drug Action
SMP0000118	Torsemide Action Pathway	Drug Action
SMP0000121	Trichlormethiazide Action Pathway	Drug Action
SMP0000122	Chlorthalidone Action Pathway	Drug Action
SMP0000132	Triamterene Action Pathway	Drug Action
SMP0000133	Amiloride Action Pathway	Drug Action
SMP0000134	Spironolactone Action Pathway	Drug Action
SMP0000135	Eplerenone Action Pathway	Drug Action
SMP0000247	Azithromycin Action Pathway	Drug Action
SMP0000248	Clarithromycin Action Pathway	Drug Action
SMP0000249	Clindamycin Action Pathway	Drug Action
SMP0000250	Erythromycin Action Pathway	Drug Action
SMP0000251	Roxithromycin Action Pathway	Drug Action
SMP0000252	Telithromycin Action Pathway	Drug Action
SMP0000253	Amikacin Action Pathway	Drug Action
SMP0000254	Gentamicin Action Pathway	Drug Action
SMP0000255	Kanamycin Action Pathway	Drug Action
SMP0000256	Neomycin Action Pathway	Drug Action
SMP0000257	Netilmicin Action Pathway	Drug Action
SMP0000258	Spectinomycin Action Pathway	Drug Action
SMP0000259	Streptomycin Action Pathway	Drug Action
SMP0000290	Demeclocycline Action Pathway	Drug Action
SMP0000291	Doxycycline Action Pathway	Drug Action
SMP0000292	Minocycline Action Pathway	Drug Action
SMP0000293	Oxytetracycline Action Pathway	Drug Action
SMP0000294	Tetracycline Action Pathway	Drug Action
SMP0000295	Lymecycline Action Pathway	Drug Action
SMP0000296	Acebutolol Action Pathway	Drug Action
SMP0000297	Alprenolol Action Pathway	Drug Action
SMP0000298	Atenolol Action Pathway	Drug Action
SMP0000299	Betaxolol Action Pathway	Drug Action
SMP0000300	Bisoprolol Action Pathway	Drug Action
SMP0000301	Esmolol Action Pathway	Drug Action
SMP0000302	Metoprolol Action Pathway	Drug Action
SMP0000303	Nadolol Action Pathway	Drug Action
SMP0000304	Oxprenolol Action Pathway	Drug Action
SMP0000305	Penbutolol Action Pathway	Drug Action
SMP0000306	Pindolol Action Pathway	Drug Action
SMP0000307	Propranolol Action Pathway	Drug Action
SMP0000323	Quinidine Action Pathway	Drug Action
SMP0000324	Procainamide (Antiarrhythmic) Action Pathway	Drug Action
SMP0000325	Disopyramide Action Pathway	Drug Action
SMP0000326	Fosphenytoin (Antiarrhythmic) Action Pathway	Drug Action
SMP0000327	Phenytoin (Antiarrhythmic) Action Pathway	Drug Action
SMP0000328	Lidocaine (Antiarrhythmic) Action Pathway	Drug Action
SMP0000329	Mexiletine Action Pathway	Drug Action
SMP0000330	Tocainide Action Pathway	Drug Action
SMP0000331	Flecainide Action Pathway	Drug Action
SMP0000332	Ibutilide Action Pathway	Drug Action
SMP0000359	Diltiazem Action Pathway	Drug Action
SMP0000366	Nebivolol Action Pathway	Drug Action
SMP0000367	Carvedilol Action Pathway	Drug Action
SMP0000368	Labetalol Action Pathway	Drug Action
SMP0000375	Verapamil Action Pathway	Drug Action
SMP0000376	Amlodipine Action Pathway	Drug Action
SMP0000377	Felodipine Action Pathway	Drug Action
SMP0000378	Isradipine Action Pathway	Drug Action
SMP0000379	Nifedipine Action Pathway	Drug Action
SMP0000380	Nimodipine Action Pathway	Drug Action
SMP0000381	Nisoldipine Action Pathway	Drug Action
SMP0000382	Nitrendipine Action Pathway	Drug Action
SMP0000392	Benzocaine Action Pathway	Drug Action
SMP0000393	Bupivacaine Action Pathway	Drug Action
SMP0000394	Chloroprocaine Action Pathway	Drug Action
SMP0000395	Cocaine Action Pathway	Drug Action
SMP0000396	Dibucaine Action Pathway	Drug Action
SMP0000397	Levobupivacaine Action Pathway	Drug Action
SMP0000398	Lidocaine (Local Anaesthetic) Action Pathway	Drug Action
SMP0000399	Mepivacaine Action Pathway	Drug Action
SMP0000400	Oxybuprocaine Action Pathway	Drug Action
SMP0000401	Prilocaine Action Pathway	Drug Action
SMP0000402	Procaine Action Pathway	Drug Action
SMP0000403	Proparacaine Action Pathway	Drug Action
SMP0000404	Ropivacaine Action Pathway	Drug Action
SMP0000405	Codeine Action Pathway	Drug Action
SMP0000406	Morphine Action Pathway	Drug Action
SMP0000407	Heroin Action Pathway	Drug Action
SMP0000408	Methadone Action Pathway	Drug Action
SMP0000409	Oxycodone Action Pathway	Drug Action
SMP0000410	Hydromorphone Action Pathway	Drug Action
SMP0000411	Hydrocodone Action Pathway	Drug Action
SMP0000412	Oxymorphone Action Pathway	Drug Action
SMP0000413	Alfentanil Action Pathway	Drug Action
SMP0000414	Carfentanil Action Pathway	Drug Action
SMP0000415	Fentanyl Action Pathway	Drug Action
SMP0000416	Remifentanil Action Pathway	Drug Action
SMP0000417	Sufentanil Action Pathway	Drug Action
SMP0000422	Imipramine Action Pathway	Drug Action
SMP0000423	Desipramine Action Pathway	Drug Action
SMP0000424	Citalopram Action Pathway	Drug Action
SMP0000425	Escitalopram Action Pathway	Drug Action
SMP0000426	Fluoxetine Action Pathway	Drug Action
SMP0000430	Thioguanine Action Pathway	Drug Action
SMP0000431	Nicotine Action Pathway	Drug Action
SMP0000429	Disulfiram Action Pathway	Drug Action
SMP0000453	Nateglinide Action Pathway	Drug Action
SMP0000454	Repaglinide Action Pathway	Drug Action
SMP0000460	Glibenclamide Action Pathway	Drug Action
SMP0000461	Gliclazide Action Pathway	Drug Action
SMP0000418	Adefovir Dipivoxil  Action Pathway	Drug Action
SMP0000419	Tenofovir  Action Pathway	Drug Action
SMP0000440	Prednisone Action Pathway	Drug Action
SMP0000441	Prednisolone Action Pathway	Drug Action
SMP0000308	Dopamine Activation of Neurological Reward System	Signaling
SMP0000309	Excitatory Neural Signalling Through 5-HTR 4 and Serotonin	Protein
SMP0000310	Corticotropin Activation of Cortisol Production	Protein
SMP0000311	Excitatory Neural Signalling Through 5-HTR 7 and Serotonin	Protein
SMP0000312	Excitatory Neural Signalling Through 5-HTR 6 and Serotonin	Protein
SMP0000320	Intracellular Signalling Through Adenosine Receptor A2a and Adenosine	Protein
SMP0000321	Intracellular Signalling Through Adenosine Receptor A2b and Adenosine	Protein
SMP0000322	Vasopressin Regulation of Water Homeostasis	Protein
SMP0000333	Intracellular Signalling Through FSH Receptor and Follicle Stimulating Hormone	Protein
SMP0000335	Intracellular Signalling Through Histamine H2 Receptor and Histamine	Signaling
SMP0000338	Intracellular Signalling Through LHCGR Receptor and Luteinizing Hormone/Choriogonadotropin	Protein
SMP0000343	Intracellular Signalling Through PGD2 receptor and Prostaglandin D2	Signaling
SMP0000354	Intracellular Signalling Through Prostacyclin Receptor and Prostacyclin	Signaling
SMP0000358	Fc Epsilon Receptor I Signaling in Mast Cells	Protein
SMP0000391	Insulin Signalling	Protein
SMP0000477	DNA Replication Fork	Metabolic
SMP0000478	Nucleotide Excision Repair 	Metabolic
SMP0000484	Dimethylglycine Dehydrogenase Deficiency	Disease
SMP0000485	Hyperglycinemia, Non-Ketotic	Disease
SMP0000486	DOPA-Responsive Dystonia	Disease
SMP0000487	Hyperphenylalaninemia Due to Guanosine Triphosphate Cyclohydrolase Deficiency	Disease
SMP0000488	Hyperphenylalaninemia Due to 6-Pyruvoyltetrahydropterin Synthase Deficiency (ptps)	Disease
SMP0000489	Hyperphenylalaninemia Due to DHPR-Deficiency	Disease
SMP0000490	Segawa Syndrome	Disease
SMP0000491	Sepiapterin Reductase Deficiency	Disease
SMP0000493	Carnosinuria, Carnosinemia	Disease
SMP0000494	Tyrosinemia, Transient, of the Newborn	Disease
SMP0000495	Galactosemia II (GALK)	Disease
SMP0000496	Galactosemia III	Disease
SMP0000497	Tyrosine Hydroxylase Deficiency	Disease
SMP0000498	Dopamine beta-Hydroxylase Deficiency	Disease
SMP0000499	beta-Mercaptolactate-Cysteine Disulfiduria	Disease
SMP0000500	5-Oxoprolinase Deficiency	Disease
SMP0000501	gamma-Glutamyltranspeptidase Deficiency	Disease
SMP0000502	Malonyl-CoA Decarboxylase Deficiency	Disease
SMP0000503	Hypophosphatasia	Disease
SMP0000504	Creatine Deficiency, Guanidinoacetate Methyltransferase Deficiency	Disease
SMP0000505	Hyperornithinemia with Gyrate Atrophy (HOGA)	Disease
SMP0000506	Hyperornithinemia-Hyperammonemia-Homocitrullinuria [HHH-syndrome]	Disease
SMP0000507	L-Arginine:Glycine Amidinotransferase Deficiency	Disease
SMP0000508	Cholesteryl Ester Storage Disease	Disease
SMP0000509	Hyper-IgD Syndrome	Disease
SMP0000510	Mevalonic Aciduria	Disease
SMP0000511	Wolman Disease	Disease
SMP0000512	Xanthinuria Type I	Disease
SMP0000513	Xanthinuria Type II	Disease
SMP0000514	gamma-Cystathionase Deficiency (CTH)	Disease
SMP0000515	Homocystinuria, Cystathionine beta-Synthase Deficiency	Disease
SMP0000516	Adrenoleukodystrophy, X-Linked	Disease
SMP0000517	Carnitine-Acylcarnitine Translocase Deficiency	Disease
SMP0000518	Glucose-6-phosphate Dehydrogenase Deficiency	Disease
SMP0000519	Ribose-5-phosphate Isomerase Deficiency	Disease
SMP0000520	Transaldolase Deficiency	Disease
SMP0000521	3-Hydroxyisobutyric Acid Dehydrogenase Deficiency	Disease
SMP0000522	3-Hydroxyisobutyric Aciduria	Disease
SMP0000523	Isobutyryl-CoA Dehydrogenase Deficiency	Disease
SMP0000524	Isovaleric Acidemia	Disease
SMP0000525	Fabry Disease	Disease
SMP0000526	Krabbe Disease	Disease
SMP0000527	Hyperlysinemia I, Familial	Disease
SMP0000528	Hyperlysinemia II or Saccharopinuria	Disease
SMP0000529	D-Glyceric Acidura	Disease
SMP0000530	Familial Lipoprotein Lipase Deficiency	Disease
