CATEGORY	UNIPROT_ID	TARGET_NAME	ACTION
target	P00734	Prothrombin	inhibitor
target	P00533	Epidermal growth factor receptor	antagonist
target	O75015	Low affinity immunoglobulin gamma Fc region receptor III-B	
target	P00736	Complement C1r subcomponent	
target	P02745	Complement C1q subcomponent subunit A	
target	P02746	Complement C1q subcomponent subunit B	
target	P02747	Complement C1q subcomponent subunit C	
target	P08637	Low affinity immunoglobulin gamma Fc region receptor III-A	
target	P09871	Complement C1s subcomponent	
target	P12314	High affinity immunoglobulin gamma Fc receptor I	
target	P12318	Low affinity immunoglobulin gamma Fc region receptor II-a	
target	P31994	Low affinity immunoglobulin gamma Fc region receptor II-b	
target	P31995	Low affinity immunoglobulin gamma Fc region receptor II-c	
target	P01589	Interleukin-2 receptor subunit alpha	binder
target	P14784	Interleukin-2 receptor subunit beta	agonist
target	P31785	Cytokine receptor common subunit gamma	
target	P01375	Tumor necrosis factor	antibody
target	P20333	Tumor necrosis factor receptor superfamily member 1B	
target	P12314	High affinity immunoglobulin gamma Fc receptor I	
target	P08637	Low affinity immunoglobulin gamma Fc region receptor III-A	
target	P12318	Low affinity immunoglobulin gamma Fc region receptor II-a	
target	P31994	Low affinity immunoglobulin gamma Fc region receptor II-b	
target	P31995	Low affinity immunoglobulin gamma Fc region receptor II-c	
target	P01374	Lymphotoxin-alpha	
target	O75015	Low affinity immunoglobulin gamma Fc region receptor III-B	
target	P09871	Complement C1s subcomponent	
target	P00736	Complement C1r subcomponent	
target	P02745	Complement C1q subcomponent subunit A	
target	P02746	Complement C1q subcomponent subunit B	
target	P02747	Complement C1q subcomponent subunit C	
enzyme	P35354	Prostaglandin G/H synthase 2	inhibitor
target	P00734	Prothrombin	inhibitor
enzyme	P05164	Myeloperoxidase	inhibitor
target	P30968	Gonadotropin-releasing hormone receptor	agonist
target	P48551	Interferon alpha/beta receptor 2	agonist
target	P17181	Interferon alpha/beta receptor 1	agonist
enzyme	P05177	Cytochrome P450 1A2	inhibitor
target	P00747	Plasminogen	activator
target	P02671	Fibrinogen alpha chain	
target	Q03405	Urokinase plasminogen activator surface receptor	
target	P05121	Plasminogen activator inhibitor 1	
target	Q02643	Growth hormone-releasing hormone receptor	agonist
target	P48551	Interferon alpha/beta receptor 2	agonist
target	P17181	Interferon alpha/beta receptor 1	agonist
target	P19235	Erythropoietin receptor	agonist
target	P00747	Plasminogen	activator
target	Q03405	Urokinase plasminogen activator surface receptor	
target	P00749	Urokinase-type plasminogen activator	
target	P00750	Tissue-type plasminogen activator	
target	P05121	Plasminogen activator inhibitor 1	
target	P05120	Plasminogen activator inhibitor 2	
target	P05154	Plasma serine protease inhibitor	
target	P98164	Low-density lipoprotein receptor-related protein 2	
target	Q9Y5Y6	Suppressor of tumorigenicity 14 protein	
target	P14543	Nidogen-1	
target	P22888	Lutropin-choriogonadotropic hormone receptor	agonist
target	P30968	Gonadotropin-releasing hormone receptor	agonist
target	P00747	Plasminogen	activator
target	P02671	Fibrinogen alpha chain	
target	Q03405	Urokinase plasminogen activator surface receptor	
target	P05121	Plasminogen activator inhibitor 1	
target	P19235	Erythropoietin receptor	agonist
target	P30988	Calcitonin receptor	agonist
target	P17181	Interferon alpha/beta receptor 1	agonist
target	P48551	Interferon alpha/beta receptor 2	agonist
target	Q99062	Granulocyte colony-stimulating factor receptor	agonist
target	P08246	Neutrophil elastase	
target	P15509	Granulocyte-macrophage colony-stimulating factor receptor subunit alpha	agonist
target	P26951	Interleukin-3 receptor subunit alpha	agonist
target	P32927	Cytokine receptor common subunit beta	agonist
target	P34741	Syndecan-2	agonist
target	P13727	Bone marrow proteoglycan	
target	P47872	Secretin receptor	agonist
target	P17181	Interferon alpha/beta receptor 1	agonist
target	P48551	Interferon alpha/beta receptor 2	agonist
enzyme	P05177	Cytochrome P450 1A2	inhibitor
enzyme	P10635	Cytochrome P450 2D6	inhibitor
target	P16473	Thyrotropin receptor	agonist
target	P00742	Coagulation factor X	activator
target	P00740	Coagulation factor IX	cofactor
target	P04275	von Willebrand factor	binder
target	O14832	Phytanoyl-CoA dioxygenase, peroxisomal	antagonist
target	P07307	Asialoglycoprotein receptor 2	binder
target	P11021	78 kDa glucose-regulated protein	chaperone
target	P27797	Calreticulin	chaperone
target	P27824	Calnexin	chaperone
target	P49257	Protein ERGIC-53	chaperone
target	Q07954	Prolow-density lipoprotein receptor-related protein 1	modulator
target	Q8NI22	Multiple coagulation factor deficiency protein 2	modulator
enzyme	P00734	Prothrombin	activator
enzyme	P04070	Vitamin K-dependent protein C	inactivator
target	P14778	Interleukin-1 receptor type 1	antagonist
transporter	P08183	Multidrug resistance protein 1	inhibitor
target	P12314	High affinity immunoglobulin gamma Fc receptor I	antagonist
target	Q92637	High affinity immunoglobulin gamma Fc receptor IB	antagonist
target	P12318	Low affinity immunoglobulin gamma Fc region receptor II-a	antagonist
target	P31994	Low affinity immunoglobulin gamma Fc region receptor II-b	antagonist
target	P31995	Low affinity immunoglobulin gamma Fc region receptor II-c	antagonist
target	P08637	Low affinity immunoglobulin gamma Fc region receptor III-A	antagonist
target	O75015	Low affinity immunoglobulin gamma Fc region receptor III-B	antagonist
target	P01024	Complement C3	binder
target	P0C0L4	Complement C4-A	binder
target	P0C0L5	Complement C4-B	binder
target	P01031	Complement C5	binder
target	P00747	Plasminogen	activator
target	P02671	Fibrinogen alpha chain	
target	Q03405	Urokinase plasminogen activator surface receptor	
target	P05121	Plasminogen activator inhibitor 1	
target	P06213	Insulin receptor	agonist
target	P08069	Insulin-like growth factor 1 receptor	
target	P06400	Retinoblastoma-associated protein	
target	P07339	Cathepsin D	
target	P14735	Insulin-degrading enzyme	
target	P16519	Neuroendocrine convertase 2	
target	P16870	Carboxypeptidase E	
target	P29120	Neuroendocrine convertase 1	
target	P48745	Protein NOV homolog	
target	P98164	Low-density lipoprotein receptor-related protein 2	
target	Q16270	Insulin-like growth factor-binding protein 7	
target	Q96C24	Synaptotagmin-like protein 4	
enzyme	P05177	Cytochrome P450 1A2	inducer
target	P00747	Plasminogen	activator
target	P02671	Fibrinogen alpha chain	
target	Q03405	Urokinase plasminogen activator surface receptor	
target	P05121	Plasminogen activator inhibitor 1	
target	P05120	Plasminogen activator inhibitor 2	
target	P05452	Tetranectin	
target	P05787	Keratin, type II cytoskeletal 8	
target	P07355	Annexin A2	
target	P27797	Calreticulin	
target	P27824	Calnexin	
target	Q07954	Prolow-density lipoprotein receptor-related protein 1	
target	P23945	Follicle-stimulating hormone receptor	binder
target	P22888	Lutropin-choriogonadotropic hormone receptor	
target	P15260	Interferon gamma receptor 1	binder
target	P38484	Interferon gamma receptor 2	binder
enzyme	P05177	Cytochrome P450 1A2	inhibitor
target	P17181	Interferon alpha/beta receptor 1	
target	P48551	Interferon alpha/beta receptor 2	
target	P30518	Vasopressin V2 receptor	agonist
target	P37288	Vasopressin V1a receptor	
target	P47901	Vasopressin V1b receptor	
enzyme	P23219	Prostaglandin G/H synthase 1	inducer
enzyme	P35354	Prostaglandin G/H synthase 2	inducer
target	P00742	Coagulation factor X	
target	P05981	Serine protease hepsin	
target	P10646	Tissue factor pathway inhibitor	
target	P38435	Vitamin K-dependent gamma-carboxylase	
target	P08709	Coagulation factor VII	
target	P13726	Tissue factor	
target	Q14626	Interleukin-11 receptor subunit alpha	agonist
target	P21802	Fibroblast growth factor receptor 2	binder
target	O14786	Neuropilin-1	
target	P11362	Fibroblast growth factor receptor 1	
target	P22455	Fibroblast growth factor receptor 4	
target	P22607	Fibroblast growth factor receptor 3	
target	P98160	Basement membrane-specific heparan sulfate proteoglycan core protein	
target	P47871	Glucagon receptor	agonist
target	O95838	Glucagon-like peptide 2 receptor	
target	P43220	Glucagon-like peptide 1 receptor	
target	P14784	Interleukin-2 receptor subunit beta	agonist|modulator
target	P01589	Interleukin-2 receptor subunit alpha	agonist|modulator
target	P31785	Cytokine receptor common subunit gamma	agonist
enzyme	P35354	Prostaglandin G/H synthase 2	inducer
enzyme	P47712	Cytosolic phospholipase A2	inducer
enzyme	P08684	Cytochrome P450 3A4	inhibitor
enzyme	P47989	Xanthine dehydrogenase/oxidase	inducer
enzyme	P05181	Cytochrome P450 2E1	inhibitor
target	P63027	Vesicle-associated membrane protein 2	binder
target	P23763	Vesicle-associated membrane protein 1	binder
target	Q8N9I0	Synaptotagmin-2	
target	P12319	High affinity immunoglobulin epsilon receptor subunit alpha	
target	Q01362	High affinity immunoglobulin epsilon receptor subunit beta	antagonist
target	P22888	Lutropin-choriogonadotropic hormone receptor	agonist
target	O60603	Toll-like receptor 2	other/unknown
target	P06213	Insulin receptor	agonist
target	P08069	Insulin-like growth factor 1 receptor	
enzyme	P05177	Cytochrome P450 1A2	inducer
target	P06213	Insulin receptor	agonist
target	P08069	Insulin-like growth factor 1 receptor	agonist
enzyme	P05177	Cytochrome P450 1A2	inducer
target	P02452	Collagen alpha-1(I) chain	
target	P02458	Collagen alpha-1(II) chain	
target	P02461	Collagen alpha-1(III) chain	
target	P08123	Collagen alpha-2(I) chain	
target	P30968	Gonadotropin-releasing hormone receptor	antagonist
target	P22888	Lutropin-choriogonadotropic hormone receptor	
target	P01375	Tumor necrosis factor	antibody
target	O75015	Low affinity immunoglobulin gamma Fc region receptor III-B	
target	P00736	Complement C1r subcomponent	
target	P02745	Complement C1q subcomponent subunit A	
target	P02746	Complement C1q subcomponent subunit B	
target	P02747	Complement C1q subcomponent subunit C	
target	P08637	Low affinity immunoglobulin gamma Fc region receptor III-A	
target	P09871	Complement C1s subcomponent	
target	P12314	High affinity immunoglobulin gamma Fc receptor I	
target	P12318	Low affinity immunoglobulin gamma Fc region receptor II-a	
target	P31994	Low affinity immunoglobulin gamma Fc region receptor II-b	
target	P31995	Low affinity immunoglobulin gamma Fc region receptor II-c	
target	P10912	Growth hormone receptor	binder
target	P16471	Prolactin receptor	
target	P05106	Integrin beta-3	antagonist
target	P08514	Integrin alpha-IIb	antagonist
target	O75015	Low affinity immunoglobulin gamma Fc region receptor III-B	
target	P00736	Complement C1r subcomponent	
target	P02745	Complement C1q subcomponent subunit A	
target	P02746	Complement C1q subcomponent subunit B	
target	P02747	Complement C1q subcomponent subunit C	
target	P08637	Low affinity immunoglobulin gamma Fc region receptor III-A	
target	P09871	Complement C1s subcomponent	
target	P12314	High affinity immunoglobulin gamma Fc receptor I	
target	P12318	Low affinity immunoglobulin gamma Fc region receptor II-a	
target	P31994	Low affinity immunoglobulin gamma Fc region receptor II-b	
target	P31995	Low affinity immunoglobulin gamma Fc region receptor II-c	
target	P04004	Vitronectin	
target	P00451	Coagulation factor VIII	multitarget
target	P12259	Coagulation factor V	multitarget
target	P05121	Plasminogen activator inhibitor 1	
target	P07204	Thrombomodulin	
target	P07225	Vitamin K-dependent protein S	
target	P00450	Ceruloplasmin	
target	P00734	Prothrombin	
target	P02776	Platelet factor 4	
target	P05154	Plasma serine protease inhibitor	
target	P35237	Serpin B6	
target	P38435	Vitamin K-dependent gamma-carboxylase	
target	Q9UNN8	Endothelial protein C receptor	
target	P20138	Myeloid cell surface antigen CD33	antibody
target	O75015	Low affinity immunoglobulin gamma Fc region receptor III-B	
target	P00736	Complement C1r subcomponent	
target	P02745	Complement C1q subcomponent subunit A	
target	P02746	Complement C1q subcomponent subunit B	
target	P02747	Complement C1q subcomponent subunit C	
target	P08637	Low affinity immunoglobulin gamma Fc region receptor III-A	
target	P09871	Complement C1s subcomponent	
target	P12314	High affinity immunoglobulin gamma Fc receptor I	
target	P12318	Low affinity immunoglobulin gamma Fc region receptor II-a	
target	P31994	Low affinity immunoglobulin gamma Fc region receptor II-b	
target	P31995	Low affinity immunoglobulin gamma Fc region receptor II-c	
target	P08246	Neutrophil elastase	inhibitor
target	P17181	Interferon alpha/beta receptor 1	agonist
target	P48551	Interferon alpha/beta receptor 2	
target	P62993	Growth factor receptor-bound protein 2	binder
target	P05106	Integrin beta-3	
target	P01375	Tumor necrosis factor	inhibitor
target	P23945	Follicle-stimulating hormone receptor	agonist
target	P30518	Vasopressin V2 receptor	agonist
target	P37288	Vasopressin V1a receptor	
target	P47901	Vasopressin V1b receptor	
transporter	Q92887	Canalicular multispecific organic anion transporter 1	substrate
target	P17181	Interferon alpha/beta receptor 1	agonist
target	P48551	Interferon alpha/beta receptor 2	agonist
target	P17181	Interferon alpha/beta receptor 1	binder
target	P48551	Interferon alpha/beta receptor 2	binder
target	P01137	Transforming growth factor beta-1	inhibitor
carrier	P02768	Serum albumin	inhibitor
target	P06213	Insulin receptor	binder
target	P08069	Insulin-like growth factor 1 receptor	
target	P14735	Insulin-degrading enzyme	
target	P01906	HLA class II histocompatibility antigen, DQ alpha 2 chain	
target	P01920	HLA class II histocompatibility antigen, DQ beta 1 chain	
target	P06400	Retinoblastoma-associated protein	
target	P07339	Cathepsin D	
target	P16870	Carboxypeptidase E	
target	P16519	Neuroendocrine convertase 2	
target	P29120	Neuroendocrine convertase 1	
target	P48745	Protein NOV homolog	
target	P98164	Low-density lipoprotein receptor-related protein 2	
target	Q16270	Insulin-like growth factor-binding protein 7	
target	Q96C24	Synaptotagmin-like protein 4	
enzyme	P05177	Cytochrome P450 1A2	inducer
target	P04626	Receptor tyrosine-protein kinase erbB-2	antibody
target	P00533	Epidermal growth factor receptor	
target	P00736	Complement C1r subcomponent	
target	P02745	Complement C1q subcomponent subunit A	
target	P02746	Complement C1q subcomponent subunit B	
target	P02747	Complement C1q subcomponent subunit C	
target	P09871	Complement C1s subcomponent	
target	P12314	High affinity immunoglobulin gamma Fc receptor I	
target	P12318	Low affinity immunoglobulin gamma Fc region receptor II-a	
target	P31994	Low affinity immunoglobulin gamma Fc region receptor II-b	
target	P31995	Low affinity immunoglobulin gamma Fc region receptor II-c	
target	O75015	Low affinity immunoglobulin gamma Fc region receptor III-B	
target	P08637	Low affinity immunoglobulin gamma Fc region receptor III-A	
enzyme	P11511	Cytochrome P450 19A1	inhibitor
target	P11836	B-lymphocyte antigen CD20	antibody
target	O75015	Low affinity immunoglobulin gamma Fc region receptor III-B	
target	P00736	Complement C1r subcomponent	
target	P02745	Complement C1q subcomponent subunit A	
target	P02746	Complement C1q subcomponent subunit B	
target	P02747	Complement C1q subcomponent subunit C	
target	P08637	Low affinity immunoglobulin gamma Fc region receptor III-A	
target	P09871	Complement C1s subcomponent	
target	P12314	High affinity immunoglobulin gamma Fc receptor I	
target	P12318	Low affinity immunoglobulin gamma Fc region receptor II-a	
target	P31994	Low affinity immunoglobulin gamma Fc region receptor II-b	
target	P31995	Low affinity immunoglobulin gamma Fc region receptor II-c	
target	P01589	Interleukin-2 receptor subunit alpha	antibody
target	P14784	Interleukin-2 receptor subunit beta	antibody
target	P12314	High affinity immunoglobulin gamma Fc receptor I	
target	P08637	Low affinity immunoglobulin gamma Fc region receptor III-A	
target	P12318	Low affinity immunoglobulin gamma Fc region receptor II-a	
target	P31994	Low affinity immunoglobulin gamma Fc region receptor II-b	
target	P31995	Low affinity immunoglobulin gamma Fc region receptor II-c	
target	O75015	Low affinity immunoglobulin gamma Fc region receptor III-B	
target	P09871	Complement C1s subcomponent	
target	P00736	Complement C1r subcomponent	
target	P02745	Complement C1q subcomponent subunit A	
target	P02746	Complement C1q subcomponent subunit B	
target	P02747	Complement C1q subcomponent subunit C	
target	P04234	T-cell surface glycoprotein CD3 delta chain	
target	P07766	T-cell surface glycoprotein CD3 epsilon chain	binder
target	P09693	T-cell surface glycoprotein CD3 gamma chain	
target	P20963	T-cell surface glycoprotein CD3 zeta chain	
target	O75015	Low affinity immunoglobulin gamma Fc region receptor III-B	
target	P00736	Complement C1r subcomponent	
target	P02745	Complement C1q subcomponent subunit A	
target	P02746	Complement C1q subcomponent subunit B	
target	P02747	Complement C1q subcomponent subunit C	
target	P08637	Low affinity immunoglobulin gamma Fc region receptor III-A	
target	P09871	Complement C1s subcomponent	
target	P12314	High affinity immunoglobulin gamma Fc receptor I	
target	P12318	Low affinity immunoglobulin gamma Fc region receptor II-a	
target	P31994	Low affinity immunoglobulin gamma Fc region receptor II-b	
target	P31995	Low affinity immunoglobulin gamma Fc region receptor II-c	
target	P11836	B-lymphocyte antigen CD20	antibody
target	O75015	Low affinity immunoglobulin gamma Fc region receptor III-B	
target	P00736	Complement C1r subcomponent	
target	P02745	Complement C1q subcomponent subunit A	
target	P02746	Complement C1q subcomponent subunit B	
target	P02747	Complement C1q subcomponent subunit C	
target	P08637	Low affinity immunoglobulin gamma Fc region receptor III-A	
target	P09871	Complement C1s subcomponent	
target	P12314	High affinity immunoglobulin gamma Fc receptor I	
target	P12318	Low affinity immunoglobulin gamma Fc region receptor II-a	
target	P31994	Low affinity immunoglobulin gamma Fc region receptor II-b	
target	P31995	Low affinity immunoglobulin gamma Fc region receptor II-c	
target	P11836	B-lymphocyte antigen CD20	antibody
target	O75015	Low affinity immunoglobulin gamma Fc region receptor III-B	
target	P00736	Complement C1r subcomponent	
target	P02745	Complement C1q subcomponent subunit A	
target	P02746	Complement C1q subcomponent subunit B	
target	P02747	Complement C1q subcomponent subunit C	
target	P08637	Low affinity immunoglobulin gamma Fc region receptor III-A	
target	P12314	High affinity immunoglobulin gamma Fc receptor I	
target	P12318	Low affinity immunoglobulin gamma Fc region receptor II-a	
target	P31994	Low affinity immunoglobulin gamma Fc region receptor II-b	
target	P31995	Low affinity immunoglobulin gamma Fc region receptor II-c	
target	P10912	Growth hormone receptor	antagonist
enzyme	Q02318	Sterol 26-hydroxylase, mitochondrial	inducer
enzyme	P15104	Glutamine synthetase	inhibitor
enzyme	P33260	Cytochrome P450 2C18	inhibitor
enzyme	P08684	Cytochrome P450 3A4	inducer
enzyme	P06276	Cholinesterase	inhibitor
enzyme	P33261	Cytochrome P450 2C19	inhibitor
enzyme	Q02928	Cytochrome P450 4A11	inhibitor
target	P60880	Synaptosomal-associated protein 25	inhibitor
target	P62745	Rho-related GTP-binding protein RhoB	
target	P00747	Plasminogen	activator
target	P25116	Proteinase-activated receptor 1	cleavage
enzyme	P47712	Cytosolic phospholipase A2	inducer
target	P31358	CAMPATH-1 antigen	antibody
target	O75015	Low affinity immunoglobulin gamma Fc region receptor III-B	
target	P00736	Complement C1r subcomponent	
target	P02745	Complement C1q subcomponent subunit A	
target	P02746	Complement C1q subcomponent subunit B	
target	P02747	Complement C1q subcomponent subunit C	
target	P08637	Low affinity immunoglobulin gamma Fc region receptor III-A	
target	P12314	High affinity immunoglobulin gamma Fc receptor I	
target	P12318	Low affinity immunoglobulin gamma Fc region receptor II-a	
target	P31994	Low affinity immunoglobulin gamma Fc region receptor II-b	
target	P31995	Low affinity immunoglobulin gamma Fc region receptor II-c	
target	Q04609	Glutamate carboxypeptidase 2	other/unknown
target	P49069	Calcium signal-modulating cyclophilin ligand	binder
target	Q96LZ3	Calcineurin subunit B type 2	inhibitor
target	P62937	Peptidyl-prolyl cis-trans isomerase A	
target	P30405	Peptidyl-prolyl cis-trans isomerase F, mitochondrial	binder
enzyme	P24462	Cytochrome P450 3A7	substrate|inducer
enzyme	P20815	Cytochrome P450 3A5	substrate|inducer
enzyme	P08684	Cytochrome P450 3A4	substrate|inhibitor
enzyme	P33261	Cytochrome P450 2C19	inhibitor
enzyme	P10632	Cytochrome P450 2C8	inhibitor
enzyme	P11712	Cytochrome P450 2C9	inhibitor
enzyme	P10635	Cytochrome P450 2D6	inhibitor
transporter	P08183	Multidrug resistance protein 1	substrate|inhibitor|inducer
transporter	O15438	Canalicular multispecific organic anion transporter 2	inhibitor
transporter	O95342	Bile salt export pump	inhibitor
transporter	P33527	Multidrug resistance-associated protein 1	inhibitor
transporter	P46721	Solute carrier organic anion transporter family member 1A2	inhibitor
transporter	Q12908	Ileal sodium/bile acid cotransporter	inhibitor
transporter	Q14973	Sodium/bile acid cotransporter	inhibitor
transporter	Q4U2R8	Solute carrier family 22 member 6	inhibitor
transporter	Q5T3U5	Multidrug resistance-associated protein 7	inhibitor
transporter	Q92887	Canalicular multispecific organic anion transporter 1	inhibitor
transporter	Q9UNQ0	ATP-binding cassette sub-family G member 2	inhibitor
transporter	Q9Y6L6	Solute carrier organic anion transporter family member 1B1	inhibitor
target	P06729	T-cell surface antigen CD2	inhibitor
target	P00736	Complement C1r subcomponent	
target	P02745	Complement C1q subcomponent subunit A	
target	P02746	Complement C1q subcomponent subunit B	
target	P02747	Complement C1q subcomponent subunit C	
target	P08637	Low affinity immunoglobulin gamma Fc region receptor III-A	
target	P12314	High affinity immunoglobulin gamma Fc receptor I	
target	P12318	Low affinity immunoglobulin gamma Fc region receptor II-a	
target	P31994	Low affinity immunoglobulin gamma Fc region receptor II-b	
target	P31995	Low affinity immunoglobulin gamma Fc region receptor II-c	
target	O75015	Low affinity immunoglobulin gamma Fc region receptor III-B	
target	P37288	Vasopressin V1a receptor	agonist
target	P23945	Follicle-stimulating hormone receptor	agonist
target	P20701	Integrin alpha-L	antibody
target	O75015	Low affinity immunoglobulin gamma Fc region receptor III-B	
target	P00736	Complement C1r subcomponent	
target	P02745	Complement C1q subcomponent subunit A	
target	P02746	Complement C1q subcomponent subunit B	
target	P02747	Complement C1q subcomponent subunit C	
target	P08637	Low affinity immunoglobulin gamma Fc region receptor III-A	
target	P12314	High affinity immunoglobulin gamma Fc receptor I	
target	P12318	Low affinity immunoglobulin gamma Fc region receptor II-a	
target	P31994	Low affinity immunoglobulin gamma Fc region receptor II-b	
target	P31995	Low affinity immunoglobulin gamma Fc region receptor II-c	
target	P22888	Lutropin-choriogonadotropic hormone receptor	
target	P23945	Follicle-stimulating hormone receptor	binder
target	P06126	T-cell surface glycoprotein CD1a	inhibitor
target	Q95460	Major histocompatibility complex class I-related gene protein	antagonist
target	P20701	Integrin alpha-L	
target	P42081	T-lymphocyte activation antigen CD86	
target	P31994	Low affinity immunoglobulin gamma Fc region receptor II-b	
target	P01730	T-cell surface glycoprotein CD4	
target	P05556	Integrin beta-1	
target	P06756	Integrin alpha-V	
target	P05106	Integrin beta-3	
target	Q99062	Granulocyte colony-stimulating factor receptor	stimulator
target	P08246	Neutrophil elastase	other/unknown
target	P00742	Coagulation factor X	activator
target	P03951	Coagulation factor XI	ligand
target	P08709	Coagulation factor VII	ligand
target	P00451	Coagulation factor VIII	cofactor
target	P00734	Prothrombin	
target	Q07954	Prolow-density lipoprotein receptor-related protein 1	
target	P38435	Vitamin K-dependent gamma-carboxylase	
target	P09619	Platelet-derived growth factor receptor beta	
target	P16234	Platelet-derived growth factor receptor alpha	
target	P01023	Alpha-2-macroglobulin	
target	P30872	Somatostatin receptor type 1	
target	P35346	Somatostatin receptor type 5	
target	P30874	Somatostatin receptor type 2	binder
enzyme	P05164	Myeloperoxidase	inhibitor
target	P48551	Interferon alpha/beta receptor 2	binder
target	P17181	Interferon alpha/beta receptor 1	binder
enzyme	P05177	Cytochrome P450 1A2	inhibitor
target	P30968	Gonadotropin-releasing hormone receptor	antagonist
target	P30559	Oxytocin receptor	agonist
target	P01178	Oxytocin-neurophysin 1	binder
enzyme	P48147	Prolyl endopeptidase	substrate
target	P13612	Integrin alpha-4	antibody
target	O75015	Low affinity immunoglobulin gamma Fc region receptor III-B	
target	P00736	Complement C1r subcomponent	
target	P02745	Complement C1q subcomponent subunit A	
target	P02746	Complement C1q subcomponent subunit B	
target	P02747	Complement C1q subcomponent subunit C	
target	P08637	Low affinity immunoglobulin gamma Fc region receptor III-A	
target	P12314	High affinity immunoglobulin gamma Fc receptor I	
target	P12318	Low affinity immunoglobulin gamma Fc region receptor II-a	
target	P31994	Low affinity immunoglobulin gamma Fc region receptor II-b	
target	P31995	Low affinity immunoglobulin gamma Fc region receptor II-c	
target	P05362	Intercellular adhesion molecule 1	
target	Q53I07	Envelope glycoprotein	
enzyme	P33261	Cytochrome P450 2C19	substrate
enzyme	P05181	Cytochrome P450 2E1	substrate
target	P13843	Fusion glycoprotein F0	
target	O75015	Low affinity immunoglobulin gamma Fc region receptor III-B	
target	P00736	Complement C1r subcomponent	
target	P02745	Complement C1q subcomponent subunit A	
target	P02746	Complement C1q subcomponent subunit B	
target	P02747	Complement C1q subcomponent subunit C	
target	P08637	Low affinity immunoglobulin gamma Fc region receptor III-A	
target	P12314	High affinity immunoglobulin gamma Fc receptor I	
target	P12318	Low affinity immunoglobulin gamma Fc region receptor II-a	
target	P31994	Low affinity immunoglobulin gamma Fc region receptor II-b	
target	P31995	Low affinity immunoglobulin gamma Fc region receptor II-c	
target	P01589	Interleukin-2 receptor subunit alpha	antibody
target	P14784	Interleukin-2 receptor subunit beta	antibody
target	O75015	Low affinity immunoglobulin gamma Fc region receptor III-B	
target	P00736	Complement C1r subcomponent	
target	P02745	Complement C1q subcomponent subunit A	
target	P02746	Complement C1q subcomponent subunit B	
target	P02747	Complement C1q subcomponent subunit C	
target	P08637	Low affinity immunoglobulin gamma Fc region receptor III-A	
target	P12314	High affinity immunoglobulin gamma Fc receptor I	
target	P12318	Low affinity immunoglobulin gamma Fc region receptor II-a	
target	P31994	Low affinity immunoglobulin gamma Fc region receptor II-b	
target	P31995	Low affinity immunoglobulin gamma Fc region receptor II-c	
target	P15692	Vascular endothelial growth factor A	
target	O75015	Low affinity immunoglobulin gamma Fc region receptor III-B	
target	P00736	Complement C1r subcomponent	
target	P02745	Complement C1q subcomponent subunit A	
target	P02746	Complement C1q subcomponent subunit B	
target	P02747	Complement C1q subcomponent subunit C	
target	P08637	Low affinity immunoglobulin gamma Fc region receptor III-A	
